year,gender,wage_decile,dens,samplesize,num_affiliates,num_contributors,num_inactive,num_new_affiliates,num_exiters,num_reentrants,retired,disabled,widowed,deceased,avg_age,los,loa,wage,contribution_density,population_total,working_age_total,target_employment_rate,employment_rate,target_turnover_rate,turnover_rate
2025,Total,Total,Total,43294.1,43294117.6,36800000.0,6494117.6,2164705.9,1731764.7,1298823.5,0,0,0,259764.7,39.0,11.0,14.0,12000.0,0.72,129032258.1,80000000.0,95.0,85.0,7.0,0.5833
2025,Male,Total,Total,23811.8,23811764.7,20240000.0,3571764.7,1190588.2,952470.6,714352.9,0,0,0,142870.6,39.0,11.0,14.0,12000.0,0.72,129032258.1,80000000.0,95.0,85.0,7.0,0.5833
2025,Female,Total,Total,19482.4,19482352.9,16560000.0,2922352.9,974117.6,779294.1,584470.6,0,0,0,116894.1,39.0,11.0,14.0,12000.0,0.72,129032258.1,80000000.0,95.0,85.0,7.0,0.5833
2025,Total,Total,Active,34635.3,34635294.1,29440000.0,5195294.1,1731764.7,1385411.8,1039058.8,0,0,0,207811.8,39.0,11.0,14.0,12000.0,0.9,129032258.1,80000000.0,95.0,85.0,7.0,0.5833
2025,Total,Total,Inactive,8658.8,8658823.5,7360000.0,1298823.5,432941.2,346352.9,259764.7,0,0,0,51952.9,39.0,11.0,14.0,12000.0,0.15,129032258.1,80000000.0,95.0,85.0,7.0,0.5833
2026,Total,Total,Total,43368.5,43368480.0,36863208.0,6505272.0,2168424.0,1734739.2,1301054.4,0,0,0,260210.9,39.05,11.0,14.0,12420.0,0.72,129535483.9,80312000.0,95.0,85.0,7.0,0.5833
2026,Male,Total,Total,23852.7,23852664.0,20274764.4,3577899.6,1192633.2,954106.6,715579.9,0,0,0,143116.0,39.05,11.0,14.0,12420.0,0.72,129535483.9,80312000.0,95.0,85.0,7.0,0.5833
2026,Female,Total,Total,19515.8,19515816.0,16588443.6,2927372.4,975790.8,780632.6,585474.5,0,0,0,117094.9,39.05,11.0,14.0,12420.0,0.72,129535483.9,80312000.0,95.0,85.0,7.0,0.5833
2026,Total,Total,Active,34694.8,34694784.0,29490566.4,5204217.6,1734739.2,1387791.4,1040843.5,0,0,0,208168.7,39.05,11.0,14.0,12420.0,0.9,129535483.9,80312000.0,95.0,85.0,7.0,0.5833
2026,Total,Total,Inactive,8673.7,8673696.0,7372641.6,1301054.4,433684.8,346947.8,260210.9,0,0,0,52042.2,39.05,11.0,14.0,12420.0,0.15,129535483.9,80312000.0,95.0,85.0,7.0,0.5833
2027,Total,Total,Total,43433.5,43433487.1,36918464.0,6515023.1,2171674.4,1737339.5,1303004.6,0,0,0,260600.9,39.1,11.0,14.0,12854.7,0.72,130012903.2,80608000.0,95.0,85.0,7.0,0.5833
2027,Male,Total,Total,23888.4,23888417.9,20305155.2,3583262.7,1194420.9,955536.7,716652.5,0,0,0,143330.5,39.1,11.0,14.0,12854.7,0.72,130012903.2,80608000.0,95.0,85.0,7.0,0.5833
2027,Female,Total,Total,19545.1,19545069.2,16613308.8,2931760.4,977253.5,781802.8,586352.1,0,0,0,117270.4,39.1,11.0,14.0,12854.7,0.72,130012903.2,80608000.0,95.0,85.0,7.0,0.5833
2027,Total,Total,Active,34746.8,34746789.6,29534771.2,5212018.4,1737339.5,1389871.6,1042403.7,0,0,0,208480.7,39.1,11.0,14.0,12854.7,0.9,130012903.2,80608000.0,95.0,85.0,7.0,0.5833
2027,Total,Total,Inactive,8686.7,8686697.4,7383692.8,1303004.6,434334.9,347467.9,260600.9,0,0,0,52120.2,39.1,11.0,14.0,12854.7,0.15,130012903.2,80608000.0,95.0,85.0,7.0,0.5833
2028,Total,Total,Total,43489.2,43489195.3,36965816.0,6523379.3,2174459.8,1739567.8,1304675.9,0,0,0,260935.2,39.15,11.0,14.0,13304.61,0.72,130464516.1,80888000.0,95.0,85.0,7.0,0.5833
2028,Male,Total,Total,23919.1,23919057.4,20331198.8,3587858.6,1195952.9,956762.3,717571.7,0,0,0,143514.3,39.15,11.0,14.0,13304.61,0.72,130464516.1,80888000.0,95.0,85.0,7.0,0.5833
2028,Female,Total,Total,19570.1,19570137.9,16634617.2,2935520.7,978506.9,782805.5,587104.1,0,0,0,117420.8,39.15,11.0,14.0,13304.61,0.72,130464516.1,80888000.0,95.0,85.0,7.0,0.5833
2028,Total,Total,Active,34791.4,34791356.2,29572652.8,5218703.4,1739567.8,1391654.2,1043740.7,0,0,0,208748.1,39.15,11.0,14.0,13304.61,0.9,130464516.1,80888000.0,95.0,85.0,7.0,0.5833
2028,Total,Total,Inactive,8697.8,8697839.1,7393163.2,1304675.9,434892.0,347913.6,260935.2,0,0,0,52187.0,39.15,11.0,14.0,13304.61,0.15,130464516.1,80888000.0,95.0,85.0,7.0,0.5833
2029,Total,Total,Total,43535.7,43535661.2,37005312.0,6530349.2,2176783.1,1741426.4,1306069.8,0,0,0,261214.0,39.2,11.0,14.0,13770.28,0.72,130890322.6,81152000.0,95.0,85.0,7.0,0.5833
2029,Male,Total,Total,23944.6,23944613.6,20352921.6,3591692.0,1197230.7,957784.5,718338.4,0,0,0,143667.7,39.2,11.0,14.0,13770.28,0.72,130890322.6,81152000.0,95.0,85.0,7.0,0.5833
2029,Female,Total,Total,19591.0,19591047.5,16652390.4,2938657.1,979552.4,783641.9,587731.4,0,0,0,117546.3,39.2,11.0,14.0,13770.28,0.72,130890322.6,81152000.0,95.0,85.0,7.0,0.5833
2029,Total,Total,Active,34828.5,34828528.9,29604249.6,5224279.3,1741426.4,1393141.2,1044855.9,0,0,0,208971.2,39.2,11.0,14.0,13770.28,0.9,130890322.6,81152000.0,95.0,85.0,7.0,0.5833
2029,Total,Total,Inactive,8707.1,8707132.2,7401062.4,1306069.8,435356.6,348285.3,261214.0,0,0,0,52242.8,39.2,11.0,14.0,13770.28,0.15,130890322.6,81152000.0,95.0,85.0,7.0,0.5833
2030,Total,Total,Total,43572.9,43572941.2,37037000.0,6535941.2,2178647.1,1742917.6,1307188.2,0,0,0,261437.6,39.25,11.0,14.0,14252.24,0.72,131290322.6,81400000.0,95.0,85.0,7.0,0.5833
2030,Male,Total,Total,23965.1,23965117.6,20370350.0,3594767.6,1198255.9,958604.7,718953.5,0,0,0,143790.7,39.25,11.0,14.0,14252.24,0.72,131290322.6,81400000.0,95.0,85.0,7.0,0.5833
2030,Female,Total,Total,19607.8,19607823.5,16666650.0,2941173.5,980391.2,784312.9,588234.7,0,0,0,117646.9,39.25,11.0,14.0,14252.24,0.72,131290322.6,81400000.0,95.0,85.0,7.0,0.5833
2030,Total,Total,Active,34858.4,34858352.9,29629600.0,5228752.9,1742917.6,1394334.1,1045750.6,0,0,0,209150.1,39.25,11.0,14.0,14252.24,0.9,131290322.6,81400000.0,95.0,85.0,7.0,0.5833
2030,Total,Total,Inactive,8714.6,8714588.2,7407400.0,1307188.2,435729.4,348583.5,261437.6,0,0,0,52287.5,39.25,11.0,14.0,14252.24,0.15,131290322.6,81400000.0,95.0,85.0,7.0,0.5833
2031,Total,Total,Total,43601.1,43601091.8,37060928.0,6540163.8,2180054.6,1744043.7,1308032.8,0,0,0,261606.6,39.3,11.0,14.0,14751.06,0.72,131664516.1,81632000.0,95.0,85.0,7.0,0.5833
2031,Male,Total,Total,23980.6,23980600.5,20383510.4,3597090.1,1199030.0,959224.0,719418.0,0,0,0,143883.6,39.3,11.0,14.0,14751.06,0.72,131664516.1,81632000.0,95.0,85.0,7.0,0.5833
2031,Female,Total,Total,19620.5,19620491.3,16677417.6,2943073.7,981024.6,784819.7,588614.7,0,0,0,117722.9,39.3,11.0,14.0,14751.06,0.72,131664516.1,81632000.0,95.0,85.0,7.0,0.5833
2031,Total,Total,Active,34880.9,34880873.4,29648742.4,5232131.0,1744043.7,1395234.9,1046426.2,0,0,0,209285.2,39.3,11.0,14.0,14751.06,0.9,131664516.1,81632000.0,95.0,85.0,7.0,0.5833
2031,Total,Total,Inactive,8720.2,8720218.4,7412185.6,1308032.8,436010.9,348808.7,261606.6,0,0,0,52321.3,39.3,11.0,14.0,14751.06,0.15,131664516.1,81632000.0,95.0,85.0,7.0,0.5833
2032,Total,Total,Total,43620.2,43620169.4,37077144.0,6543025.4,2181008.5,1744806.8,1308605.1,0,0,0,261721.0,39.35,11.0,14.0,15267.35,0.72,132012903.2,81848000.0,95.0,85.0,7.0,0.5833
2032,Male,Total,Total,23991.1,23991093.2,20392429.2,3598664.0,1199554.7,959643.7,719732.8,0,0,0,143946.6,39.35,11.0,14.0,15267.35,0.72,132012903.2,81848000.0,95.0,85.0,7.0,0.5833
2032,Female,Total,Total,19629.1,19629076.2,16684714.8,2944361.4,981453.8,785163.0,588872.3,0,0,0,117774.5,39.35,11.0,14.0,15267.35,0.72,132012903.2,81848000.0,95.0,85.0,7.0,0.5833
2032,Total,Total,Active,34896.1,34896135.5,29661715.2,5234420.3,1744806.8,1395845.4,1046884.1,0,0,0,209376.8,39.35,11.0,14.0,15267.35,0.9,132012903.2,81848000.0,95.0,85.0,7.0,0.5833
2032,Total,Total,Inactive,8724.0,8724033.9,7415428.8,1308605.1,436201.7,348961.4,261721.0,0,0,0,52344.2,39.35,11.0,14.0,15267.35,0.15,132012903.2,81848000.0,95.0,85.0,7.0,0.5833
2033,Total,Total,Total,43630.2,43630230.6,37085696.0,6544534.6,2181511.5,1745209.2,1308906.9,0,0,0,261781.4,39.4,11.0,14.0,15801.71,0.72,132335483.9,82048000.0,95.0,85.0,7.0,0.5833
2033,Male,Total,Total,23996.6,23996626.8,20397132.8,3599494.0,1199831.3,959865.1,719898.8,0,0,0,143979.8,39.4,11.0,14.0,15801.71,0.72,132335483.9,82048000.0,95.0,85.0,7.0,0.5833
2033,Female,Total,Total,19633.6,19633603.8,16688563.2,2945040.6,981680.2,785344.2,589008.1,0,0,0,117801.6,39.4,11.0,14.0,15801.71,0.72,132335483.9,82048000.0,95.0,85.0,7.0,0.5833
2033,Total,Total,Active,34904.2,34904184.5,29668556.8,5235627.7,1745209.2,1396167.4,1047125.5,0,0,0,209425.1,39.4,11.0,14.0,15801.71,0.9,132335483.9,82048000.0,95.0,85.0,7.0,0.5833
2033,Total,Total,Inactive,8726.0,8726046.1,7417139.2,1308906.9,436302.3,349041.8,261781.4,0,0,0,52356.3,39.4,11.0,14.0,15801.71,0.15,132335483.9,82048000.0,95.0,85.0,7.0,0.5833
2034,Total,Total,Total,43631.3,43631331.8,37086632.0,6544699.8,2181566.6,1745253.3,1308940.0,0,0,0,261788.0,39.45,11.0,14.0,16354.77,0.72,132632258.1,82232000.0,95.0,85.0,7.0,0.5833
2034,Male,Total,Total,23997.2,23997232.5,20397647.6,3599584.9,1199861.6,959889.3,719917.0,0,0,0,143983.4,39.45,11.0,14.0,16354.77,0.72,132632258.1,82232000.0,95.0,85.0,7.0,0.5833
2034,Female,Total,Total,19634.1,19634099.3,16688984.4,2945114.9,981705.0,785364.0,589023.0,0,0,0,117804.6,39.45,11.0,14.0,16354.77,0.72,132632258.1,82232000.0,95.0,85.0,7.0,0.5833
2034,Total,Total,Active,34905.1,34905065.4,29669305.6,5235759.8,1745253.3,1396202.6,1047152.0,0,0,0,209430.4,39.45,11.0,14.0,16354.77,0.9,132632258.1,82232000.0,95.0,85.0,7.0,0.5833
2034,Total,Total,Inactive,8726.3,8726266.4,7417326.4,1308940.0,436313.3,349050.7,261788.0,0,0,0,52357.6,39.45,11.0,14.0,16354.77,0.15,132632258.1,82232000.0,95.0,85.0,7.0,0.5833
2035,Total,Total,Total,43623.5,43623529.4,37080000.0,6543529.4,2181176.5,1744941.2,1308705.9,0,0,0,261741.2,39.5,11.0,14.0,16927.19,0.72,132903225.8,82400000.0,95.0,85.0,7.0,0.5833
2035,Male,Total,Total,23992.9,23992941.2,20394000.0,3598941.2,1199647.1,959717.6,719788.2,0,0,0,143957.6,39.5,11.0,14.0,16927.19,0.72,132903225.8,82400000.0,95.0,85.0,7.0,0.5833
2035,Female,Total,Total,19630.6,19630588.2,16686000.0,2944588.2,981529.4,785223.5,588917.6,0,0,0,117783.5,39.5,11.0,14.0,16927.19,0.72,132903225.8,82400000.0,95.0,85.0,7.0,0.5833
2035,Total,Total,Active,34898.8,34898823.5,29664000.0,5234823.5,1744941.2,1395952.9,1046964.7,0,0,0,209392.9,39.5,11.0,14.0,16927.19,0.9,132903225.8,82400000.0,95.0,85.0,7.0,0.5833
2035,Total,Total,Inactive,8724.7,8724705.9,7416000.0,1308705.9,436235.3,348988.2,261741.2,0,0,0,52348.2,39.5,11.0,14.0,16927.19,0.15,132903225.8,82400000.0,95.0,85.0,7.0,0.5833
2036,Total,Total,Total,43606.9,43606880.0,37065848.0,6541032.0,2180344.0,1744275.2,1308206.4,0,0,0,261641.3,39.55,11.0,14.0,17519.64,0.72,133148387.1,82552000.0,95.0,85.0,7.0,0.5833
2036,Male,Total,Total,23983.8,23983784.0,20386216.4,3597567.6,1199189.2,959351.4,719513.5,0,0,0,143902.7,39.55,11.0,14.0,17519.64,0.72,133148387.1,82552000.0,95.0,85.0,7.0,0.5833
2036,Female,Total,Total,19623.1,19623096.0,16679631.6,2943464.4,981154.8,784923.8,588692.9,0,0,0,117738.6,39.55,11.0,14.0,17519.64,0.72,133148387.1,82552000.0,95.0,85.0,7.0,0.5833
2036,Total,Total,Active,34885.5,34885504.0,29652678.4,5232825.6,1744275.2,1395420.2,1046565.1,0,0,0,209313.0,39.55,11.0,14.0,17519.64,0.9,133148387.1,82552000.0,95.0,85.0,7.0,0.5833
2036,Total,Total,Inactive,8721.4,8721376.0,7413169.6,1308206.4,436068.8,348855.0,261641.3,0,0,0,52328.3,39.55,11.0,14.0,17519.64,0.15,133148387.1,82552000.0,95.0,85.0,7.0,0.5833
2037,Total,Total,Total,43581.4,43581440.0,37044224.0,6537216.0,2179072.0,1743257.6,1307443.2,0,0,0,261488.6,39.6,11.0,14.0,18132.82,0.72,133367741.9,82688000.0,95.0,85.0,7.0,0.5833
2037,Male,Total,Total,23969.8,23969792.0,20374323.2,3595468.8,1198489.6,958791.7,719093.8,0,0,0,143818.8,39.6,11.0,14.0,18132.82,0.72,133367741.9,82688000.0,95.0,85.0,7.0,0.5833
2037,Female,Total,Total,19611.6,19611648.0,16669900.8,2941747.2,980582.4,784465.9,588349.4,0,0,0,117669.9,39.6,11.0,14.0,18132.82,0.72,133367741.9,82688000.0,95.0,85.0,7.0,0.5833
2037,Total,Total,Active,34865.2,34865152.0,29635379.2,5229772.8,1743257.6,1394606.1,1045954.6,0,0,0,209190.9,39.6,11.0,14.0,18132.82,0.9,133367741.9,82688000.0,95.0,85.0,7.0,0.5833
2037,Total,Total,Inactive,8716.3,8716288.0,7408844.8,1307443.2,435814.4,348651.5,261488.6,0,0,0,52297.7,39.6,11.0,14.0,18132.82,0.15,133367741.9,82688000.0,95.0,85.0,7.0,0.5833
2038,Total,Total,Total,43547.3,43547265.9,37015176.0,6532089.9,2177363.3,1741890.6,1306418.0,0,0,0,261283.6,39.65,11.0,14.0,18767.47,0.72,133561290.3,82808000.0,95.0,85.0,7.0,0.5833
2038,Male,Total,Total,23951.0,23950996.2,20358346.8,3592649.4,1197549.8,958039.8,718529.9,0,0,0,143706.0,39.65,11.0,14.0,18767.47,0.72,133561290.3,82808000.0,95.0,85.0,7.0,0.5833
2038,Female,Total,Total,19596.3,19596269.6,16656829.2,2939440.4,979813.5,783850.8,587888.1,0,0,0,117577.6,39.65,11.0,14.0,18767.47,0.72,133561290.3,82808000.0,95.0,85.0,7.0,0.5833
2038,Total,Total,Active,34837.8,34837812.7,29612140.8,5225671.9,1741890.6,1393512.5,1045134.4,0,0,0,209026.9,39.65,11.0,14.0,18767.47,0.9,133561290.3,82808000.0,95.0,85.0,7.0,0.5833
2038,Total,Total,Inactive,8709.5,8709453.2,7403035.2,1306418.0,435472.7,348378.1,261283.6,0,0,0,52256.7,39.65,11.0,14.0,18767.47,0.15,133561290.3,82808000.0,95.0,85.0,7.0,0.5833
2039,Total,Total,Total,43504.4,43504414.1,36978752.0,6525662.1,2175220.7,1740176.6,1305132.4,0,0,0,261026.5,39.7,11.0,14.0,19424.33,0.72,133729032.3,82912000.0,95.0,85.0,7.0,0.5833
2039,Male,Total,Total,23927.4,23927427.8,20338313.6,3589114.2,1196371.4,957097.1,717822.8,0,0,0,143564.6,39.7,11.0,14.0,19424.33,0.72,133729032.3,82912000.0,95.0,85.0,7.0,0.5833
2039,Female,Total,Total,19577.0,19576986.4,16640438.4,2936548.0,978849.3,783079.5,587309.6,0,0,0,117461.9,39.7,11.0,14.0,19424.33,0.72,133729032.3,82912000.0,95.0,85.0,7.0,0.5833
2039,Total,Total,Active,34803.5,34803531.3,29583001.6,5220529.7,1740176.6,1392141.3,1044105.9,0,0,0,208821.2,39.7,11.0,14.0,19424.33,0.9,133729032.3,82912000.0,95.0,85.0,7.0,0.5833
2039,Total,Total,Inactive,8700.9,8700882.8,7395750.4,1305132.4,435044.1,348035.3,261026.5,0,0,0,52205.3,39.7,11.0,14.0,19424.33,0.15,133729032.3,82912000.0,95.0,85.0,7.0,0.5833
2040,Total,Total,Total,43452.9,43452941.2,36935000.0,6517941.2,2172647.1,1738117.6,1303588.2,0,0,0,260717.6,39.75,11.0,14.0,20104.19,0.72,133870967.7,83000000.0,95.0,85.0,7.0,0.5833
2040,Male,Total,Total,23899.1,23899117.6,20314250.0,3584867.6,1194955.9,955964.7,716973.5,0,0,0,143394.7,39.75,11.0,14.0,20104.19,0.72,133870967.7,83000000.0,95.0,85.0,7.0,0.5833
2040,Female,Total,Total,19553.8,19553823.5,16620750.0,2933073.5,977691.2,782152.9,586614.7,0,0,0,117322.9,39.75,11.0,14.0,20104.19,0.72,133870967.7,83000000.0,95.0,85.0,7.0,0.5833
2040,Total,Total,Active,34762.4,34762352.9,29548000.0,5214352.9,1738117.6,1390494.1,1042870.6,0,0,0,208574.1,39.75,11.0,14.0,20104.19,0.9,133870967.7,83000000.0,95.0,85.0,7.0,0.5833
2040,Total,Total,Inactive,8690.6,8690588.2,7387000.0,1303588.2,434529.4,347623.5,260717.6,0,0,0,52143.5,39.75,11.0,14.0,20104.19,0.15,133870967.7,83000000.0,95.0,85.0,7.0,0.5833
2041,Total,Total,Total,43392.9,43392903.5,36883968.0,6508935.5,2169645.2,1735716.1,1301787.1,0,0,0,260357.4,39.8,11.0,14.0,20807.83,0.72,133987096.8,83072000.0,95.0,85.0,7.0,0.5833
2041,Male,Total,Total,23866.1,23866096.9,20286182.4,3579914.5,1193304.8,954643.9,715982.9,0,0,0,143196.6,39.8,11.0,14.0,20807.83,0.72,133987096.8,83072000.0,95.0,85.0,7.0,0.5833
2041,Female,Total,Total,19526.8,19526806.6,16597785.6,2929021.0,976340.3,781072.3,585804.2,0,0,0,117160.8,39.8,11.0,14.0,20807.83,0.72,133987096.8,83072000.0,95.0,85.0,7.0,0.5833
2041,Total,Total,Active,34714.3,34714322.8,29507174.4,5207148.4,1735716.1,1388572.9,1041429.7,0,0,0,208285.9,39.8,11.0,14.0,20807.83,0.9,133987096.8,83072000.0,95.0,85.0,7.0,0.5833
2041,Total,Total,Inactive,8678.6,8678580.7,7376793.6,1301787.1,433929.0,347143.2,260357.4,0,0,0,52071.5,39.8,11.0,14.0,20807.83,0.15,133987096.8,83072000.0,95.0,85.0,7.0,0.5833
2042,Total,Total,Total,43324.4,43324357.6,36825704.0,6498653.6,2166217.9,1732974.3,1299730.7,0,0,0,259946.1,39.85,11.0,14.0,21536.11,0.72,134077419.4,83128000.0,95.0,85.0,7.0,0.5833
2042,Male,Total,Total,23828.4,23828396.7,20254137.2,3574259.5,1191419.8,953135.9,714851.9,0,0,0,142970.4,39.85,11.0,14.0,21536.11,0.72,134077419.4,83128000.0,95.0,85.0,7.0,0.5833
2042,Female,Total,Total,19496.0,19495960.9,16571566.8,2924394.1,974798.0,779838.4,584878.8,0,0,0,116975.8,39.85,11.0,14.0,21536.11,0.72,134077419.4,83128000.0,95.0,85.0,7.0,0.5833
2042,Total,Total,Active,34659.5,34659486.1,29460563.2,5198922.9,1732974.3,1386379.4,1039784.6,0,0,0,207956.9,39.85,11.0,14.0,21536.11,0.9,134077419.4,83128000.0,95.0,85.0,7.0,0.5833
2042,Total,Total,Inactive,8664.9,8664871.5,7365140.8,1299730.7,433243.6,346594.9,259946.1,0,0,0,51989.2,39.85,11.0,14.0,21536.11,0.15,134077419.4,83128000.0,95.0,85.0,7.0,0.5833
2043,Total,Total,Total,43247.4,43247360.0,36760256.0,6487104.0,2162368.0,1729894.4,1297420.8,0,0,0,259484.2,39.9,11.0,14.0,22289.87,0.72,134141935.5,83168000.0,95.0,85.0,7.0,0.5833
2043,Male,Total,Total,23786.0,23786048.0,20218140.8,3567907.2,1189302.4,951441.9,713581.4,0,0,0,142716.3,39.9,11.0,14.0,22289.87,0.72,134141935.5,83168000.0,95.0,85.0,7.0,0.5833
2043,Female,Total,Total,19461.3,19461312.0,16542115.2,2919196.8,973065.6,778452.5,583839.4,0,0,0,116767.9,39.9,11.0,14.0,22289.87,0.72,134141935.5,83168000.0,95.0,85.0,7.0,0.5833
2043,Total,Total,Active,34597.9,34597888.0,29408204.8,5189683.2,1729894.4,1383915.5,1037936.6,0,0,0,207587.3,39.9,11.0,14.0,22289.87,0.9,134141935.5,83168000.0,95.0,85.0,7.0,0.5833
2043,Total,Total,Inactive,8649.5,8649472.0,7352051.2,1297420.8,432473.6,345978.9,259484.2,0,0,0,51896.8,39.9,11.0,14.0,22289.87,0.15,134141935.5,83168000.0,95.0,85.0,7.0,0.5833
2044,Total,Total,Total,43162.0,43161967.1,36687672.0,6474295.1,2158098.4,1726478.7,1294859.0,0,0,0,258971.8,39.95,11.0,14.0,23070.02,0.72,134180645.2,83192000.0,95.0,85.0,7.0,0.5833
2044,Male,Total,Total,23739.1,23739081.9,20178219.6,3560862.3,1186954.1,949563.3,712172.5,0,0,0,142434.5,39.95,11.0,14.0,23070.02,0.72,134180645.2,83192000.0,95.0,85.0,7.0,0.5833
2044,Female,Total,Total,19422.9,19422885.2,16509452.4,2913432.8,971144.3,776915.4,582686.6,0,0,0,116537.3,39.95,11.0,14.0,23070.02,0.72,134180645.2,83192000.0,95.0,85.0,7.0,0.5833
2044,Total,Total,Active,34529.6,34529573.6,29350137.6,5179436.0,1726478.7,1381182.9,1035887.2,0,0,0,207177.4,39.95,11.0,14.0,23070.02,0.9,134180645.2,83192000.0,95.0,85.0,7.0,0.5833
2044,Total,Total,Inactive,8632.4,8632393.4,7337534.4,1294859.0,431619.7,345295.7,258971.8,0,0,0,51794.4,39.95,11.0,14.0,23070.02,0.15,134180645.2,83192000.0,95.0,85.0,7.0,0.5833
2045,Total,Total,Total,43068.2,43068235.3,36608000.0,6460235.3,2153411.8,1722729.4,1292047.1,0,0,0,258409.4,40.0,11.0,14.0,23877.47,0.72,134193548.4,83200000.0,95.0,85.0,7.0,0.5833
2045,Male,Total,Total,23687.5,23687529.4,20134400.0,3553129.4,1184376.5,947501.2,710625.9,0,0,0,142125.2,40.0,11.0,14.0,23877.47,0.72,134193548.4,83200000.0,95.0,85.0,7.0,0.5833
2045,Female,Total,Total,19380.7,19380705.9,16473600.0,2907105.9,969035.3,775228.2,581421.2,0,0,0,116284.2,40.0,11.0,14.0,23877.47,0.72,134193548.4,83200000.0,95.0,85.0,7.0,0.5833
2045,Total,Total,Active,34454.6,34454588.2,29286400.0,5168188.2,1722729.4,1378183.5,1033637.6,0,0,0,206727.5,40.0,11.0,14.0,23877.47,0.9,134193548.4,83200000.0,95.0,85.0,7.0,0.5833
2045,Total,Total,Inactive,8613.6,8613647.1,7321600.0,1292047.1,430682.4,344545.9,258409.4,0,0,0,51681.9,40.0,11.0,14.0,23877.47,0.15,134193548.4,83200000.0,95.0,85.0,7.0,0.5833
2046,Total,Total,Total,42966.2,42966221.2,36521288.0,6444933.2,2148311.1,1718648.8,1288986.6,0,0,0,257797.3,40.05,11.0,14.0,24713.18,0.72,134180645.2,83192000.0,95.0,85.0,7.0,0.5833
2046,Male,Total,Total,23631.4,23631421.6,20086708.4,3544713.2,1181571.1,945256.9,708942.6,0,0,0,141788.5,40.05,11.0,14.0,24713.18,0.72,134180645.2,83192000.0,95.0,85.0,7.0,0.5833
2046,Female,Total,Total,19334.8,19334799.5,16434579.6,2900219.9,966740.0,773392.0,580044.0,0,0,0,116008.8,40.05,11.0,14.0,24713.18,0.72,134180645.2,83192000.0,95.0,85.0,7.0,0.5833
2046,Total,Total,Active,34373.0,34372976.9,29217030.4,5155946.5,1718648.8,1374919.1,1031189.3,0,0,0,206237.9,40.05,11.0,14.0,24713.18,0.9,134180645.2,83192000.0,95.0,85.0,7.0,0.5833
2046,Total,Total,Inactive,8593.2,8593244.2,7304257.6,1288986.6,429662.2,343729.8,257797.3,0,0,0,51559.5,40.05,11.0,14.0,24713.18,0.15,134180645.2,83192000.0,95.0,85.0,7.0,0.5833
2047,Total,Total,Total,42856.0,42855981.2,36427584.0,6428397.2,2142799.1,1714239.2,1285679.4,0,0,0,257135.9,40.1,11.0,14.0,25578.14,0.72,134141935.5,83168000.0,95.0,85.0,7.0,0.5833
2047,Male,Total,Total,23570.8,23570789.6,20035171.2,3535618.4,1178539.5,942831.6,707123.7,0,0,0,141424.7,40.1,11.0,14.0,25578.14,0.72,134141935.5,83168000.0,95.0,85.0,7.0,0.5833
2047,Female,Total,Total,19285.2,19285191.5,16392412.8,2892778.7,964259.6,771407.7,578555.7,0,0,0,115711.1,40.1,11.0,14.0,25578.14,0.72,134141935.5,83168000.0,95.0,85.0,7.0,0.5833
2047,Total,Total,Active,34284.8,34284784.9,29142067.2,5142717.7,1714239.2,1371391.4,1028543.5,0,0,0,205708.7,40.1,11.0,14.0,25578.14,0.9,134141935.5,83168000.0,95.0,85.0,7.0,0.5833
2047,Total,Total,Inactive,8571.2,8571196.2,7285516.8,1285679.4,428559.8,342847.8,257135.9,0,0,0,51427.2,40.1,11.0,14.0,25578.14,0.15,134141935.5,83168000.0,95.0,85.0,7.0,0.5833
2048,Total,Total,Total,42737.6,42737571.8,36326936.0,6410635.8,2136878.6,1709502.9,1282127.2,0,0,0,256425.4,40.15,11.0,14.0,26473.37,0.72,134077419.4,83128000.0,95.0,85.0,7.0,0.5833
2048,Male,Total,Total,23505.7,23505664.5,19979814.8,3525849.7,1175283.2,940226.6,705169.9,0,0,0,141034.0,40.15,11.0,14.0,26473.37,0.72,134077419.4,83128000.0,95.0,85.0,7.0,0.5833
2048,Female,Total,Total,19231.9,19231907.3,16347121.2,2884786.1,961595.4,769276.3,576957.2,0,0,0,115391.4,40.15,11.0,14.0,26473.37,0.72,134077419.4,83128000.0,95.0,85.0,7.0,0.5833
2048,Total,Total,Active,34190.1,34190057.4,29061548.8,5128508.6,1709502.9,1367602.3,1025701.7,0,0,0,205140.3,40.15,11.0,14.0,26473.37,0.9,134077419.4,83128000.0,95.0,85.0,7.0,0.5833
2048,Total,Total,Inactive,8547.5,8547514.4,7265387.2,1282127.2,427375.7,341900.6,256425.4,0,0,0,51285.1,40.15,11.0,14.0,26473.37,0.15,134077419.4,83128000.0,95.0,85.0,7.0,0.5833
2049,Total,Total,Total,42611.0,42611049.4,36219392.0,6391657.4,2130552.5,1704442.0,1278331.5,0,0,0,255666.3,40.2,11.0,14.0,27399.94,0.72,133987096.8,83072000.0,95.0,85.0,7.0,0.5833
2049,Male,Total,Total,23436.1,23436077.2,19920665.6,3515411.6,1171803.9,937443.1,703082.3,0,0,0,140616.5,40.2,11.0,14.0,27399.94,0.72,133987096.8,83072000.0,95.0,85.0,7.0,0.5833
2049,Female,Total,Total,19175.0,19174972.2,16298726.4,2876245.8,958748.6,766998.9,575249.2,0,0,0,115049.8,40.2,11.0,14.0,27399.94,0.72,133987096.8,83072000.0,95.0,85.0,7.0,0.5833
2049,Total,Total,Active,34088.8,34088839.5,28975513.6,5113325.9,1704442.0,1363553.6,1022665.2,0,0,0,204533.0,40.2,11.0,14.0,27399.94,0.9,133987096.8,83072000.0,95.0,85.0,7.0,0.5833
2049,Total,Total,Inactive,8522.2,8522209.9,7243878.4,1278331.5,426110.5,340888.4,255666.3,0,0,0,51133.3,40.2,11.0,14.0,27399.94,0.15,133987096.8,83072000.0,95.0,85.0,7.0,0.5833
2050,Total,Total,Total,42476.5,42476470.6,36105000.0,6371470.6,2123823.5,1699058.8,1274294.1,0,0,0,254858.8,40.25,11.0,14.0,28358.94,0.72,133870967.7,83000000.0,95.0,85.0,7.0,0.5833
2050,Male,Total,Total,23362.1,23362058.8,19857750.0,3504308.8,1168102.9,934482.4,700861.8,0,0,0,140172.4,40.25,11.0,14.0,28358.94,0.72,133870967.7,83000000.0,95.0,85.0,7.0,0.5833
2050,Female,Total,Total,19114.4,19114411.8,16247250.0,2867161.8,955720.6,764576.5,573432.4,0,0,0,114686.5,40.25,11.0,14.0,28358.94,0.72,133870967.7,83000000.0,95.0,85.0,7.0,0.5833
2050,Total,Total,Active,33981.2,33981176.5,28884000.0,5097176.5,1699058.8,1359247.1,1019435.3,0,0,0,203887.1,40.25,11.0,14.0,28358.94,0.9,133870967.7,83000000.0,95.0,85.0,7.0,0.5833
2050,Total,Total,Inactive,8495.3,8495294.1,7221000.0,1274294.1,424764.7,339811.8,254858.8,0,0,0,50971.8,40.25,11.0,14.0,28358.94,0.15,133870967.7,83000000.0,95.0,85.0,7.0,0.5833
2051,Total,Total,Total,42333.9,42333891.8,35983808.0,6350083.8,2116694.6,1693355.7,1270016.8,0,0,0,254003.4,40.3,11.0,14.0,29351.5,0.72,133729032.3,82912000.0,95.0,85.0,7.0,0.5833
2051,Male,Total,Total,23283.6,23283640.5,19791094.4,3492546.1,1164182.0,931345.6,698509.2,0,0,0,139701.8,40.3,11.0,14.0,29351.5,0.72,133729032.3,82912000.0,95.0,85.0,7.0,0.5833
2051,Female,Total,Total,19050.3,19050251.3,16192713.6,2857537.7,952512.6,762010.1,571507.5,0,0,0,114301.5,40.3,11.0,14.0,29351.5,0.72,133729032.3,82912000.0,95.0,85.0,7.0,0.5833
2051,Total,Total,Active,33867.1,33867113.4,28787046.4,5080067.0,1693355.7,1354684.5,1016013.4,0,0,0,203202.7,40.3,11.0,14.0,29351.5,0.9,133729032.3,82912000.0,95.0,85.0,7.0,0.5833
2051,Total,Total,Inactive,8466.8,8466778.4,7196761.6,1270016.8,423338.9,338671.1,254003.4,0,0,0,50800.7,40.3,11.0,14.0,29351.5,0.15,133729032.3,82912000.0,95.0,85.0,7.0,0.5833
2052,Total,Total,Total,42183.4,42183369.4,35855864.0,6327505.4,2109168.5,1687334.8,1265501.1,0,0,0,253100.2,40.35,11.0,14.0,30378.81,0.72,133561290.3,82808000.0,95.0,85.0,7.0,0.5833
2052,Male,Total,Total,23200.9,23200853.2,19720725.2,3480128.0,1160042.7,928034.1,696025.6,0,0,0,139205.1,40.35,11.0,14.0,30378.81,0.72,133561290.3,82808000.0,95.0,85.0,7.0,0.5833
2052,Female,Total,Total,18982.5,18982516.2,16135138.8,2847377.4,949125.8,759300.6,569475.5,0,0,0,113895.1,40.35,11.0,14.0,30378.81,0.72,133561290.3,82808000.0,95.0,85.0,7.0,0.5833
2052,Total,Total,Active,33746.7,33746695.5,28684691.2,5062004.3,1687334.8,1349867.8,1012400.9,0,0,0,202480.2,40.35,11.0,14.0,30378.81,0.9,133561290.3,82808000.0,95.0,85.0,7.0,0.5833
2052,Total,Total,Inactive,8436.7,8436673.9,7171172.8,1265501.1,421833.7,337467.0,253100.2,0,0,0,50620.0,40.35,11.0,14.0,30378.81,0.15,133561290.3,82808000.0,95.0,85.0,7.0,0.5833
2053,Total,Total,Total,42025.0,42024960.0,35721216.0,6303744.0,2101248.0,1680998.4,1260748.8,0,0,0,252149.8,40.4,11.0,14.0,31442.06,0.72,133367741.9,82688000.0,95.0,85.0,7.0,0.5833
2053,Male,Total,Total,23113.7,23113728.0,19646668.8,3467059.2,1155686.4,924549.1,693411.8,0,0,0,138682.4,40.4,11.0,14.0,31442.06,0.72,133367741.9,82688000.0,95.0,85.0,7.0,0.5833
2053,Female,Total,Total,18911.2,18911232.0,16074547.2,2836684.8,945561.6,756449.3,567337.0,0,0,0,113467.4,40.4,11.0,14.0,31442.06,0.72,133367741.9,82688000.0,95.0,85.0,7.0,0.5833
2053,Total,Total,Active,33620.0,33619968.0,28576972.8,5042995.2,1680998.4,1344798.7,1008599.0,0,0,0,201719.8,40.4,11.0,14.0,31442.06,0.9,133367741.9,82688000.0,95.0,85.0,7.0,0.5833
2053,Total,Total,Inactive,8405.0,8404992.0,7144243.2,1260748.8,420249.6,336199.7,252149.8,0,0,0,50430.0,40.4,11.0,14.0,31442.06,0.15,133367741.9,82688000.0,95.0,85.0,7.0,0.5833
2054,Total,Total,Total,41858.7,41858720.0,35579912.0,6278808.0,2092936.0,1674348.8,1255761.6,0,0,0,251152.3,40.45,11.0,14.0,32542.54,0.72,133148387.1,82552000.0,95.0,85.0,7.0,0.5833
2054,Male,Total,Total,23022.3,23022296.0,19568951.6,3453344.4,1151114.8,920891.8,690668.9,0,0,0,138133.8,40.45,11.0,14.0,32542.54,0.72,133148387.1,82552000.0,95.0,85.0,7.0,0.5833
2054,Female,Total,Total,18836.4,18836424.0,16010960.4,2825463.6,941821.2,753457.0,565092.7,0,0,0,113018.5,40.45,11.0,14.0,32542.54,0.72,133148387.1,82552000.0,95.0,85.0,7.0,0.5833
2054,Total,Total,Active,33487.0,33486976.0,28463929.6,5023046.4,1674348.8,1339479.0,1004609.3,0,0,0,200921.9,40.45,11.0,14.0,32542.54,0.9,133148387.1,82552000.0,95.0,85.0,7.0,0.5833
2054,Total,Total,Inactive,8371.7,8371744.0,7115982.4,1255761.6,418587.2,334869.8,251152.3,0,0,0,50230.5,40.45,11.0,14.0,32542.54,0.15,133148387.1,82552000.0,95.0,85.0,7.0,0.5833
2055,Total,Total,Total,41684.7,41684705.9,35432000.0,6252705.9,2084235.3,1667388.2,1250541.2,0,0,0,250108.2,40.5,11.0,14.0,33681.52,0.72,132903225.8,82400000.0,95.0,85.0,7.0,0.5833
2055,Male,Total,Total,22926.6,22926588.2,19487600.0,3438988.2,1146329.4,917063.5,687797.6,0,0,0,137559.5,40.5,11.0,14.0,33681.52,0.72,132903225.8,82400000.0,95.0,85.0,7.0,0.5833
2055,Female,Total,Total,18758.1,18758117.6,15944400.0,2813717.6,937905.9,750324.7,562743.5,0,0,0,112548.7,40.5,11.0,14.0,33681.52,0.72,132903225.8,82400000.0,95.0,85.0,7.0,0.5833
2055,Total,Total,Active,33347.8,33347764.7,28345600.0,5002164.7,1667388.2,1333910.6,1000432.9,0,0,0,200086.6,40.5,11.0,14.0,33681.52,0.9,132903225.8,82400000.0,95.0,85.0,7.0,0.5833
2055,Total,Total,Inactive,8336.9,8336941.2,7086400.0,1250541.2,416847.1,333477.6,250108.2,0,0,0,50021.6,40.5,11.0,14.0,33681.52,0.15,132903225.8,82400000.0,95.0,85.0,7.0,0.5833
2056,Total,Total,Total,41503.0,41502974.1,35277528.0,6225446.1,2075148.7,1660119.0,1245089.2,0,0,0,249017.8,40.55,11.0,14.0,34860.38,0.72,132632258.1,82232000.0,95.0,85.0,7.0,0.5833
2056,Male,Total,Total,22826.6,22826635.8,19402640.4,3423995.4,1141331.8,913065.4,684799.1,0,0,0,136959.8,40.55,11.0,14.0,34860.38,0.72,132632258.1,82232000.0,95.0,85.0,7.0,0.5833
2056,Female,Total,Total,18676.3,18676338.4,15874887.6,2801450.8,933816.9,747053.5,560290.2,0,0,0,112058.0,40.55,11.0,14.0,34860.38,0.72,132632258.1,82232000.0,95.0,85.0,7.0,0.5833
2056,Total,Total,Active,33202.4,33202379.3,28222022.4,4980356.9,1660119.0,1328095.2,996071.4,0,0,0,199214.3,40.55,11.0,14.0,34860.38,0.9,132632258.1,82232000.0,95.0,85.0,7.0,0.5833
2056,Total,Total,Inactive,8300.6,8300594.8,7055505.6,1245089.2,415029.7,332023.8,249017.8,0,0,0,49803.6,40.55,11.0,14.0,34860.38,0.15,132632258.1,82232000.0,95.0,85.0,7.0,0.5833
2057,Total,Total,Total,41313.6,41313581.2,35116544.0,6197037.2,2065679.1,1652543.2,1239407.4,0,0,0,247881.5,40.6,11.0,14.0,36080.49,0.72,132335483.9,82048000.0,95.0,85.0,7.0,0.5833
2057,Male,Total,Total,22722.5,22722469.6,19314099.2,3408370.4,1136123.5,908898.8,681674.1,0,0,0,136334.8,40.6,11.0,14.0,36080.49,0.72,132335483.9,82048000.0,95.0,85.0,7.0,0.5833
2057,Female,Total,Total,18591.1,18591111.5,15802444.8,2788666.7,929555.6,743644.5,557733.3,0,0,0,111546.7,40.6,11.0,14.0,36080.49,0.72,132335483.9,82048000.0,95.0,85.0,7.0,0.5833
2057,Total,Total,Active,33050.9,33050864.9,28093235.2,4957629.7,1652543.2,1322034.6,991525.9,0,0,0,198305.2,40.6,11.0,14.0,36080.49,0.9,132335483.9,82048000.0,95.0,85.0,7.0,0.5833
2057,Total,Total,Inactive,8262.7,8262716.2,7023308.8,1239407.4,413135.8,330508.6,247881.5,0,0,0,49576.3,40.6,11.0,14.0,36080.49,0.15,132335483.9,82048000.0,95.0,85.0,7.0,0.5833
2058,Total,Total,Total,41116.6,41116583.5,34949096.0,6167487.5,2055829.2,1644663.3,1233497.5,0,0,0,246699.5,40.65,11.0,14.0,37343.31,0.72,132012903.2,81848000.0,95.0,85.0,7.0,0.5833
2058,Male,Total,Total,22614.1,22614120.9,19222002.8,3392118.1,1130706.0,904564.8,678423.6,0,0,0,135684.7,40.65,11.0,14.0,37343.31,0.72,132012903.2,81848000.0,95.0,85.0,7.0,0.5833
2058,Female,Total,Total,18502.5,18502462.6,15727093.2,2775369.4,925123.1,740098.5,555073.9,0,0,0,111014.8,40.65,11.0,14.0,37343.31,0.72,132012903.2,81848000.0,95.0,85.0,7.0,0.5833
2058,Total,Total,Active,32893.3,32893266.8,27959276.8,4933990.0,1644663.3,1315730.7,986798.0,0,0,0,197359.6,40.65,11.0,14.0,37343.31,0.9,132012903.2,81848000.0,95.0,85.0,7.0,0.5833
2058,Total,Total,Inactive,8223.3,8223316.7,6989819.2,1233497.5,411165.8,328932.7,246699.5,0,0,0,49339.9,40.65,11.0,14.0,37343.31,0.15,132012903.2,81848000.0,95.0,85.0,7.0,0.5833
2059,Total,Total,Total,40912.0,40912037.6,34775232.0,6136805.6,2045601.9,1636481.5,1227361.1,0,0,0,245472.2,40.7,11.0,14.0,38650.32,0.72,131664516.1,81632000.0,95.0,85.0,7.0,0.5833
2059,Male,Total,Total,22501.6,22501620.7,19126377.6,3375243.1,1125081.0,900064.8,675048.6,0,0,0,135009.7,40.7,11.0,14.0,38650.32,0.72,131664516.1,81632000.0,95.0,85.0,7.0,0.5833
2059,Female,Total,Total,18410.4,18410416.9,15648854.4,2761562.5,920520.8,736416.7,552312.5,0,0,0,110462.5,40.7,11.0,14.0,38650.32,0.72,131664516.1,81632000.0,95.0,85.0,7.0,0.5833
2059,Total,Total,Active,32729.6,32729630.1,27820185.6,4909444.5,1636481.5,1309185.2,981888.9,0,0,0,196377.8,40.7,11.0,14.0,38650.32,0.9,131664516.1,81632000.0,95.0,85.0,7.0,0.5833
2059,Total,Total,Inactive,8182.4,8182407.5,6955046.4,1227361.1,409120.4,327296.3,245472.2,0,0,0,49094.4,40.7,11.0,14.0,38650.32,0.15,131664516.1,81632000.0,95.0,85.0,7.0,0.5833
2060,Total,Total,Total,40700.0,40700000.0,34595000.0,6105000.0,2035000.0,1628000.0,1221000.0,0,0,0,244200.0,40.75,11.0,14.0,40003.09,0.72,131290322.6,81400000.0,95.0,85.0,7.0,0.5833
2060,Male,Total,Total,22385.0,22385000.0,19027250.0,3357750.0,1119250.0,895400.0,671550.0,0,0,0,134310.0,40.75,11.0,14.0,40003.09,0.72,131290322.6,81400000.0,95.0,85.0,7.0,0.5833
2060,Female,Total,Total,18315.0,18315000.0,15567750.0,2747250.0,915750.0,732600.0,549450.0,0,0,0,109890.0,40.75,11.0,14.0,40003.09,0.72,131290322.6,81400000.0,95.0,85.0,7.0,0.5833
2060,Total,Total,Active,32560.0,32560000.0,27676000.0,4884000.0,1628000.0,1302400.0,976800.0,0,0,0,195360.0,40.75,11.0,14.0,40003.09,0.9,131290322.6,81400000.0,95.0,85.0,7.0,0.5833
2060,Total,Total,Inactive,8140.0,8140000.0,6919000.0,1221000.0,407000.0,325600.0,244200.0,0,0,0,48840.0,40.75,11.0,14.0,40003.09,0.15,131290322.6,81400000.0,95.0,85.0,7.0,0.5833
2061,Total,Total,Total,40480.5,40480527.1,34408448.0,6072079.1,2024026.4,1619221.1,1214415.8,0,0,0,242883.2,40.8,11.0,14.0,41403.19,0.72,130890322.6,81152000.0,95.0,85.0,7.0,0.5833
2061,Male,Total,Total,22264.3,22264289.9,18924646.4,3339643.5,1113214.5,890571.6,667928.7,0,0,0,133585.7,40.8,11.0,14.0,41403.19,0.72,130890322.6,81152000.0,95.0,85.0,7.0,0.5833
2061,Female,Total,Total,18216.2,18216237.2,15483801.6,2732435.6,910811.9,728649.5,546487.1,0,0,0,109297.4,40.8,11.0,14.0,41403.19,0.72,130890322.6,81152000.0,95.0,85.0,7.0,0.5833
2061,Total,Total,Active,32384.4,32384421.6,27526758.4,4857663.2,1619221.1,1295376.9,971532.6,0,0,0,194306.5,40.8,11.0,14.0,41403.19,0.9,130890322.6,81152000.0,95.0,85.0,7.0,0.5833
2061,Total,Total,Inactive,8096.1,8096105.4,6881689.6,1214415.8,404805.3,323844.2,242883.2,0,0,0,48576.6,40.8,11.0,14.0,41403.19,0.15,130890322.6,81152000.0,95.0,85.0,7.0,0.5833
2062,Total,Total,Total,40253.7,40253675.3,34215624.0,6038051.3,2012683.8,1610147.0,1207610.3,0,0,0,241522.1,40.85,11.0,14.0,42852.31,0.72,130464516.1,80888000.0,95.0,85.0,7.0,0.5833
2062,Male,Total,Total,22139.5,22139521.4,18818593.2,3320928.2,1106976.1,885580.9,664185.6,0,0,0,132837.1,40.85,11.0,14.0,42852.31,0.72,130464516.1,80888000.0,95.0,85.0,7.0,0.5833
2062,Female,Total,Total,18114.2,18114153.9,15397030.8,2717123.1,905707.7,724566.2,543424.6,0,0,0,108684.9,40.85,11.0,14.0,42852.31,0.72,130464516.1,80888000.0,95.0,85.0,7.0,0.5833
2062,Total,Total,Active,32202.9,32202940.2,27372499.2,4830441.0,1610147.0,1288117.6,966088.2,0,0,0,193217.6,40.85,11.0,14.0,42852.31,0.9,130464516.1,80888000.0,95.0,85.0,7.0,0.5833
2062,Total,Total,Inactive,8050.7,8050735.1,6843124.8,1207610.3,402536.8,322029.4,241522.1,0,0,0,48304.4,40.85,11.0,14.0,42852.31,0.15,130464516.1,80888000.0,95.0,85.0,7.0,0.5833
2063,Total,Total,Total,40019.5,40019501.2,34016576.0,6002925.2,2000975.1,1600780.0,1200585.0,0,0,0,240117.0,40.9,11.0,14.0,44352.14,0.72,130012903.2,80608000.0,95.0,85.0,7.0,0.5833
2063,Male,Total,Total,22010.7,22010725.6,18709116.8,3301608.8,1100536.3,880429.0,660321.8,0,0,0,132064.4,40.9,11.0,14.0,44352.14,0.72,130012903.2,80608000.0,95.0,85.0,7.0,0.5833
2063,Female,Total,Total,18008.8,18008775.5,15307459.2,2701316.3,900438.8,720351.0,540263.3,0,0,0,108052.7,40.9,11.0,14.0,44352.14,0.72,130012903.2,80608000.0,95.0,85.0,7.0,0.5833
2063,Total,Total,Active,32015.6,32015600.9,27213260.8,4802340.1,1600780.0,1280624.0,960468.0,0,0,0,192093.6,40.9,11.0,14.0,44352.14,0.9,130012903.2,80608000.0,95.0,85.0,7.0,0.5833
2063,Total,Total,Inactive,8003.9,8003900.2,6803315.2,1200585.0,400195.0,320156.0,240117.0,0,0,0,48023.4,40.9,11.0,14.0,44352.14,0.15,130012903.2,80608000.0,95.0,85.0,7.0,0.5833
2064,Total,Total,Total,39778.1,39778061.2,33811352.0,5966709.2,1988903.1,1591122.4,1193341.8,0,0,0,238668.4,40.95,11.0,14.0,45904.46,0.72,129535483.9,80312000.0,95.0,85.0,7.0,0.5833
2064,Male,Total,Total,21877.9,21877933.6,18596243.6,3281690.0,1093896.7,875117.3,656338.0,0,0,0,131267.6,40.95,11.0,14.0,45904.46,0.72,129535483.9,80312000.0,95.0,85.0,7.0,0.5833
2064,Female,Total,Total,17900.1,17900127.5,15215108.4,2685019.1,895006.4,716005.1,537003.8,0,0,0,107400.8,40.95,11.0,14.0,45904.46,0.72,129535483.9,80312000.0,95.0,85.0,7.0,0.5833
2064,Total,Total,Active,31822.4,31822448.9,27049081.6,4773367.3,1591122.4,1272898.0,954673.5,0,0,0,190934.7,40.95,11.0,14.0,45904.46,0.9,129535483.9,80312000.0,95.0,85.0,7.0,0.5833
2064,Total,Total,Inactive,7955.6,7955612.2,6762270.4,1193341.8,397780.6,318224.5,238668.4,0,0,0,47733.7,40.95,11.0,14.0,45904.46,0.15,129535483.9,80312000.0,95.0,85.0,7.0,0.5833
2065,Total,Total,Total,39529.4,39529411.8,33600000.0,5929411.8,1976470.6,1581176.5,1185882.4,0,0,0,237176.5,41.0,11.0,14.0,47511.12,0.72,129032258.1,80000000.0,95.0,85.0,7.0,0.5833
2065,Male,Total,Total,21741.2,21741176.5,18480000.0,3261176.5,1087058.8,869647.1,652235.3,0,0,0,130447.1,41.0,11.0,14.0,47511.12,0.72,129032258.1,80000000.0,95.0,85.0,7.0,0.5833
2065,Female,Total,Total,17788.2,17788235.3,15120000.0,2668235.3,889411.8,711529.4,533647.1,0,0,0,106729.4,41.0,11.0,14.0,47511.12,0.72,129032258.1,80000000.0,95.0,85.0,7.0,0.5833
2065,Total,Total,Active,31623.5,31623529.4,26880000.0,4743529.4,1581176.5,1264941.2,948705.9,0,0,0,189741.2,41.0,11.0,14.0,47511.12,0.9,129032258.1,80000000.0,95.0,85.0,7.0,0.5833
2065,Total,Total,Inactive,7905.9,7905882.4,6720000.0,1185882.4,395294.1,316235.3,237176.5,0,0,0,47435.3,41.0,11.0,14.0,47511.12,0.15,129032258.1,80000000.0,95.0,85.0,7.0,0.5833
2066,Total,Total,Total,39273.6,39273609.4,33382568.0,5891041.4,1963680.5,1570944.4,1178208.3,0,0,0,235641.7,41.05,11.0,14.0,49174.01,0.72,128503225.8,79672000.0,95.0,85.0,7.0,0.5833
2066,Male,Total,Total,21600.5,21600485.2,18360412.4,3240072.8,1080024.3,864019.4,648014.6,0,0,0,129602.9,41.05,11.0,14.0,49174.01,0.72,128503225.8,79672000.0,95.0,85.0,7.0,0.5833
2066,Female,Total,Total,17673.1,17673124.2,15022155.6,2650968.6,883656.2,706925.0,530193.7,0,0,0,106038.7,41.05,11.0,14.0,49174.01,0.72,128503225.8,79672000.0,95.0,85.0,7.0,0.5833
2066,Total,Total,Active,31418.9,31418887.5,26706054.4,4712833.1,1570944.4,1256755.5,942566.6,0,0,0,188513.3,41.05,11.0,14.0,49174.01,0.9,128503225.8,79672000.0,95.0,85.0,7.0,0.5833
2066,Total,Total,Inactive,7854.7,7854721.9,6676513.6,1178208.3,392736.1,314188.9,235641.7,0,0,0,47128.3,41.05,11.0,14.0,49174.01,0.15,128503225.8,79672000.0,95.0,85.0,7.0,0.5833
2067,Total,Total,Total,39010.7,39010710.6,33159104.0,5851606.6,1950535.5,1560428.4,1170321.3,0,0,0,234064.3,41.1,11.0,14.0,50895.1,0.72,127948387.1,79328000.0,95.0,85.0,7.0,0.5833
2067,Male,Total,Total,21455.9,21455890.8,18237507.2,3218383.6,1072794.5,858235.6,643676.7,0,0,0,128735.3,41.1,11.0,14.0,50895.1,0.72,127948387.1,79328000.0,95.0,85.0,7.0,0.5833
2067,Female,Total,Total,17554.8,17554819.8,14921596.8,2633223.0,877741.0,702192.8,526644.6,0,0,0,105328.9,41.1,11.0,14.0,50895.1,0.72,127948387.1,79328000.0,95.0,85.0,7.0,0.5833
2067,Total,Total,Active,31208.6,31208568.5,26527283.2,4681285.3,1560428.4,1248342.7,936257.1,0,0,0,187251.4,41.1,11.0,14.0,50895.1,0.9,127948387.1,79328000.0,95.0,85.0,7.0,0.5833
2067,Total,Total,Inactive,7802.1,7802142.1,6631820.8,1170321.3,390107.1,312085.7,234064.3,0,0,0,46812.9,41.1,11.0,14.0,50895.1,0.15,127948387.1,79328000.0,95.0,85.0,7.0,0.5833
2068,Total,Total,Total,38740.8,38740771.8,32929656.0,5811115.8,1937038.6,1549630.9,1162223.2,0,0,0,232444.6,41.15,11.0,14.0,52676.42,0.72,127367741.9,78968000.0,95.0,85.0,7.0,0.5833
2068,Male,Total,Total,21307.4,21307424.5,18111310.8,3196113.7,1065371.2,852297.0,639222.7,0,0,0,127844.5,41.15,11.0,14.0,52676.42,0.72,127367741.9,78968000.0,95.0,85.0,7.0,0.5833
2068,Female,Total,Total,17433.3,17433347.3,14818345.2,2615002.1,871667.4,697333.9,523000.4,0,0,0,104600.1,41.15,11.0,14.0,52676.42,0.72,127367741.9,78968000.0,95.0,85.0,7.0,0.5833
2068,Total,Total,Active,30992.6,30992617.4,26343724.8,4648892.6,1549630.9,1239704.7,929778.5,0,0,0,185955.7,41.15,11.0,14.0,52676.42,0.9,127367741.9,78968000.0,95.0,85.0,7.0,0.5833
2068,Total,Total,Inactive,7748.2,7748154.4,6585931.2,1162223.2,387407.7,309926.2,232444.6,0,0,0,46488.9,41.15,11.0,14.0,52676.42,0.15,127367741.9,78968000.0,95.0,85.0,7.0,0.5833
2069,Total,Total,Total,38463.8,38463849.4,32694272.0,5769577.4,1923192.5,1538554.0,1153915.5,0,0,0,230783.1,41.2,11.0,14.0,54520.1,0.72,126761290.3,78592000.0,95.0,85.0,7.0,0.5833
2069,Male,Total,Total,21155.1,21155117.2,17981849.6,3173267.6,1057755.9,846204.7,634653.5,0,0,0,126930.7,41.2,11.0,14.0,54520.1,0.72,126761290.3,78592000.0,95.0,85.0,7.0,0.5833
2069,Female,Total,Total,17308.7,17308732.2,14712422.4,2596309.8,865436.6,692349.3,519262.0,0,0,0,103852.4,41.2,11.0,14.0,54520.1,0.72,126761290.3,78592000.0,95.0,85.0,7.0,0.5833
2069,Total,Total,Active,30771.1,30771079.5,26155417.6,4615661.9,1538554.0,1230843.2,923132.4,0,0,0,184626.5,41.2,11.0,14.0,54520.1,0.9,126761290.3,78592000.0,95.0,85.0,7.0,0.5833
2069,Total,Total,Inactive,7692.8,7692769.9,6538854.4,1153915.5,384638.5,307710.8,230783.1,0,0,0,46156.6,41.2,11.0,14.0,54520.1,0.15,126761290.3,78592000.0,95.0,85.0,7.0,0.5833
2070,Total,Total,Total,38180.0,38180000.0,32453000.0,5727000.0,1909000.0,1527200.0,1145400.0,0,0,0,229080.0,41.25,11.0,14.0,56428.3,0.72,126129032.3,78200000.0,95.0,85.0,7.0,0.5833
2070,Male,Total,Total,20999.0,20999000.0,17849150.0,3149850.0,1049950.0,839960.0,629970.0,0,0,0,125994.0,41.25,11.0,14.0,56428.3,0.72,126129032.3,78200000.0,95.0,85.0,7.0,0.5833
2070,Female,Total,Total,17181.0,17181000.0,14603850.0,2577150.0,859050.0,687240.0,515430.0,0,0,0,103086.0,41.25,11.0,14.0,56428.3,0.72,126129032.3,78200000.0,95.0,85.0,7.0,0.5833
2070,Total,Total,Active,30544.0,30544000.0,25962400.0,4581600.0,1527200.0,1221760.0,916320.0,0,0,0,183264.0,41.25,11.0,14.0,56428.3,0.9,126129032.3,78200000.0,95.0,85.0,7.0,0.5833
2070,Total,Total,Inactive,7636.0,7636000.0,6490600.0,1145400.0,381800.0,305440.0,229080.0,0,0,0,45816.0,41.25,11.0,14.0,56428.3,0.15,126129032.3,78200000.0,95.0,85.0,7.0,0.5833
2071,Total,Total,Total,37889.3,37889280.0,32205888.0,5683392.0,1894464.0,1515571.2,1136678.4,0,0,0,227335.7,41.3,11.0,14.0,58403.29,0.72,125470967.7,77792000.0,95.0,85.0,7.0,0.5833
2071,Male,Total,Total,20839.1,20839104.0,17713238.4,3125865.6,1041955.2,833564.2,625173.1,0,0,0,125034.6,41.3,11.0,14.0,58403.29,0.72,125470967.7,77792000.0,95.0,85.0,7.0,0.5833
2071,Female,Total,Total,17050.2,17050176.0,14492649.6,2557526.4,852508.8,682007.0,511505.3,0,0,0,102301.1,41.3,11.0,14.0,58403.29,0.72,125470967.7,77792000.0,95.0,85.0,7.0,0.5833
2071,Total,Total,Active,30311.4,30311424.0,25764710.4,4546713.6,1515571.2,1212457.0,909342.7,0,0,0,181868.5,41.3,11.0,14.0,58403.29,0.9,125470967.7,77792000.0,95.0,85.0,7.0,0.5833
2071,Total,Total,Inactive,7577.9,7577856.0,6441177.6,1136678.4,378892.8,303114.2,227335.7,0,0,0,45467.1,41.3,11.0,14.0,58403.29,0.15,125470967.7,77792000.0,95.0,85.0,7.0,0.5833
2072,Total,Total,Total,37591.7,37591745.9,31952984.0,5638761.9,1879587.3,1503669.8,1127752.4,0,0,0,225550.5,41.35,11.0,14.0,60447.41,0.72,124787096.8,77368000.0,95.0,85.0,7.0,0.5833
2072,Male,Total,Total,20675.5,20675460.2,17574141.2,3101319.0,1033773.0,827018.4,620263.8,0,0,0,124052.8,41.35,11.0,14.0,60447.41,0.72,124787096.8,77368000.0,95.0,85.0,7.0,0.5833
2072,Female,Total,Total,16916.3,16916285.6,14378842.8,2537442.8,845814.3,676651.4,507488.6,0,0,0,101497.7,41.35,11.0,14.0,60447.41,0.72,124787096.8,77368000.0,95.0,85.0,7.0,0.5833
2072,Total,Total,Active,30073.4,30073396.7,25562387.2,4511009.5,1503669.8,1202935.9,902201.9,0,0,0,180440.4,41.35,11.0,14.0,60447.41,0.9,124787096.8,77368000.0,95.0,85.0,7.0,0.5833
2072,Total,Total,Inactive,7518.3,7518349.2,6390596.8,1127752.4,375917.5,300734.0,225550.5,0,0,0,45110.1,41.35,11.0,14.0,60447.41,0.15,124787096.8,77368000.0,95.0,85.0,7.0,0.5833
2073,Total,Total,Total,37287.5,37287454.1,31694336.0,5593118.1,1864372.7,1491498.2,1118623.6,0,0,0,223724.7,41.4,11.0,14.0,62563.07,0.72,124077419.4,76928000.0,95.0,85.0,7.0,0.5833
2073,Male,Total,Total,20508.1,20508099.8,17431884.8,3076215.0,1025405.0,820324.0,615243.0,0,0,0,123048.6,41.4,11.0,14.0,62563.07,0.72,124077419.4,76928000.0,95.0,85.0,7.0,0.5833
2073,Female,Total,Total,16779.4,16779354.4,14262451.2,2516903.2,838967.7,671174.2,503380.6,0,0,0,100676.1,41.4,11.0,14.0,62563.07,0.72,124077419.4,76928000.0,95.0,85.0,7.0,0.5833
2073,Total,Total,Active,29830.0,29829963.3,25355468.8,4474494.5,1491498.2,1193198.5,894898.9,0,0,0,178979.8,41.4,11.0,14.0,62563.07,0.9,124077419.4,76928000.0,95.0,85.0,7.0,0.5833
2073,Total,Total,Inactive,7457.5,7457490.8,6338867.2,1118623.6,372874.5,298299.6,223724.7,0,0,0,44744.9,41.4,11.0,14.0,62563.07,0.15,124077419.4,76928000.0,95.0,85.0,7.0,0.5833
2074,Total,Total,Total,36976.5,36976461.2,31429992.0,5546469.2,1848823.1,1479058.4,1109293.8,0,0,0,221858.8,41.45,11.0,14.0,64752.78,0.72,123341935.5,76472000.0,95.0,85.0,7.0,0.5833
2074,Male,Total,Total,20337.1,20337053.6,17286495.6,3050558.0,1016852.7,813482.1,610111.6,0,0,0,122022.3,41.45,11.0,14.0,64752.78,0.72,123341935.5,76472000.0,95.0,85.0,7.0,0.5833
2074,Female,Total,Total,16639.4,16639407.5,14143496.4,2495911.1,831970.4,665576.3,499182.2,0,0,0,99836.4,41.45,11.0,14.0,64752.78,0.72,123341935.5,76472000.0,95.0,85.0,7.0,0.5833
2074,Total,Total,Active,29581.2,29581168.9,25143993.6,4437175.3,1479058.4,1183246.8,887435.1,0,0,0,177487.0,41.45,11.0,14.0,64752.78,0.9,123341935.5,76472000.0,95.0,85.0,7.0,0.5833
2074,Total,Total,Inactive,7395.3,7395292.2,6285998.4,1109293.8,369764.6,295811.7,221858.8,0,0,0,44371.8,41.45,11.0,14.0,64752.78,0.15,123341935.5,76472000.0,95.0,85.0,7.0,0.5833
2075,Total,Total,Total,36658.8,36658823.5,31160000.0,5498823.5,1832941.2,1466352.9,1099764.7,0,0,0,219952.9,41.5,11.0,14.0,67019.12,0.72,122580645.2,76000000.0,95.0,85.0,7.0,0.5833
2075,Male,Total,Total,20162.4,20162352.9,17138000.0,3024352.9,1008117.6,806494.1,604870.6,0,0,0,120974.1,41.5,11.0,14.0,67019.12,0.72,122580645.2,76000000.0,95.0,85.0,7.0,0.5833
2075,Female,Total,Total,16496.5,16496470.6,14022000.0,2474470.6,824823.5,659858.8,494894.1,0,0,0,98978.8,41.5,11.0,14.0,67019.12,0.72,122580645.2,76000000.0,95.0,85.0,7.0,0.5833
2075,Total,Total,Active,29327.1,29327058.8,24928000.0,4399058.8,1466352.9,1173082.4,879811.8,0,0,0,175962.4,41.5,11.0,14.0,67019.12,0.9,122580645.2,76000000.0,95.0,85.0,7.0,0.5833
2075,Total,Total,Inactive,7331.8,7331764.7,6232000.0,1099764.7,366588.2,293270.6,219952.9,0,0,0,43990.6,41.5,11.0,14.0,67019.12,0.15,122580645.2,76000000.0,95.0,85.0,7.0,0.5833
