iso3,location,variable,age,sex,y2024,y2025,y2026,y2027,y2028,y2029,y2030,y2031,y2032,y2033,y2034,y2035,y2036,y2037,y2038,y2039,y2040,y2041,y2042,y2043,y2044,y2045,y2046,y2047,y2048,y2049,y2050,y2051,y2052,y2053,y2054,y2055,y2056,y2057,y2058,y2059,y2060,y2061,y2062,y2063,y2064,y2065,y2066,y2067,y2068,y2069,y2070,y2071,y2072,y2073,y2074,y2075,y2076,y2077,y2078,y2079,y2080,y2081,y2082,y2083,y2084,y2085,y2086,y2087,y2088,y2089,y2090,y2091,y2092,y2093,y2094,y2095,y2096,y2097,y2098,y2099,y2100
MEX,Mexico,fertility,15,female,.0183431311979721,.018015647316527,.0177326270565305,.0174306219534106,.0171290413634695,.0167324685091183,.0164057409494704,.0162537951122936,.0160490986400806,.0159650184204184,.0157647084296606,.0154798213337006,.0153050522081726,.015061614787549,.0148542268886718,.0146736166076797,.0144308535801862,.0142217707705432,.013989428389625,.0137775275381216,.013583169612226,.0133617950605615,.0131506872948575,.012916160915554,.0127040495997489,.012485947276925,.0122683611579514,.0120420394413986,.0118196067733547,.0115988268422278,.0113729200541622,.0111534652390901,.0109252765039115,.0107073060864849,.0104885859505832,.0102825171108345,.010040129418871,.009815525608292,.0096019255061282,.0093932861102556,.009166286653653,.0089512334594047,.0087270325432144,.0085133606258029,.0083089924283243,.0080937670975632,.0078965817733893,.0076873511252423,.0074784276126558,.0072758057656367,.0070676823868975,.0068612385617668,.0066650921633675,.0064727338164352,.0062723227661208,.0060825730701903,.0058917542337251,.0057119467398404,.0055350606597758,.0053497721634972,.0051721896576656,.0050013331978038,.0048318352221057,.0046605164396465,.0045006578232688,.0043346930581031,.0041834771083634,.0040296103574305,.0038783724893278,.0037292680582755,.0035830950434647,.0034387994647908,.0033043869254321,.003173993124372,.003044447289211,.0029251535043041,.0028046978689305
MEX,Mexico,fertility,16,female,.0379392643331685,.0373783852216982,.0369048570639615,.0363830203513755,.0358940386577603,.0354004988350586,.0346625264531236,.0341316575321109,.0339115768612738,.0335797928965451,.0335172756061823,.0331958669446207,.0326660928516701,.0324081076992891,.0319615136239168,.0315761842842708,.0312572483029991,.0308167764028587,.0304584742577978,.0300497658848816,.0297184202720454,.029339655137479,.0289373167819919,.0285314633991027,.0281426583166909,.02773428933952,.0273323511135606,.0269213138113674,.026482809511585,.0260873554883378,.025657396897465,.0252406967815985,.0247906481104591,.024364379888165,.0239377597276639,.0235258277148624,.0230760918483792,.0226117417757526,.0221956007717266,.0217572241355323,.0213189907942403,.0208776913280535,.0204207151831764,.0199863726399084,.0195520837194203,.019119242713361,.0187032710888194,.0182815020789339,.0178238207759117,.0174054323501932,.0169526577158496,.0165348747841806,.0160912619216607,.015671167964466,.0152509732747752,.0148428336115842,.0144097766175522,.0140280532728818,.0136222706924904,.0132160429917389,.0128241031616246,.0124261194106218,.0120593486860633,.011671776749987,.0112963323207686,.0109290442597603,.010566949892991,.0102197656939265,.0098686402913938,.0095246879035057,.0091695234370811,.008843373915867,.0085125764175332,.008213266513538,.0079095768954951,.0076113700794644,.0073319033110431
MEX,Mexico,fertility,17,female,.0602515672794728,.0594833232394926,.0588155364065562,.0580626619458145,.0573579518916924,.056699263162943,.0559601601547319,.0549428450561585,.0541737287157154,.0538954078432714,.0534719564364302,.0534579568254532,.0529856914861087,.0522455757011631,.0518725757743324,.0511798039457448,.0506051531630631,.0501542916507819,.0495324084330041,.0490444448624933,.0485334831787001,.048007280001103,.0474669758741304,.0468522299053999,.0463446129574299,.0457572486354168,.0451718823219706,.0445846710859675,.0439685613395603,.0433710622967381,.0427825101029509,.0421810827173118,.0415247780405801,.0408911294569065,.0402613080419803,.0396594817582013,.0389714688104605,.0383343775374457,.0376920679818779,.0370581486537512,.0363616148608445,.0357419283161644,.03503821955043,.0343911986277701,.033739021504981,.0330582319296764,.0324522677192611,.03179580674567,.031117419741139,.0304476047963611,.0297593313157515,.0290983595537642,.0284439026042196,.0277513736582199,.0270813900055858,.0264672962525815,.0257824804798767,.0251574980906126,.0245357177810906,.0238545691488146,.0232370073848132,.0226049922141911,.0219848087927527,.0213783769023789,.0207664811277989,.0201405916954136,.0195679216678532,.0189661346234429,.0183965065717196,.0178194072506447,.017223436768892,.0166534596575859,.0161196778932408,.0155813550288639,.0150870694530188,.0145803797065652,.0140804777234478
MEX,Mexico,fertility,18,female,.0825232384871922,.0814604612165456,.0806656268153563,.0797037583670726,.0787999843339991,.0779532758067929,.0770716191908803,.0762333340272303,.0749054089481185,.0739129630486056,.0736361188112782,.0731335028237623,.0731308519640087,.0725944189749714,.0715980532233491,.0710791381262877,.0701508869502364,.0694102451273807,.0688759208512942,.0681093016264629,.0676085407092418,.0668826823883963,.0662251866642592,.0654985228911772,.0648273414563326,.0641555982362648,.0634221304789477,.0626734411489639,.0619057001057756,.0611912215984912,.0604137141125402,.0597134150993354,.0588882780016234,.0580976226536952,.0572895771483591,.0565255965511139,.055649440060356,.0548142435669763,.0540821416199525,.0532369679963707,.052371413371337,.0515266778652814,.0506798226366908,.0498366665004239,.0490132423331874,.0481379017892851,.0473318043793002,.046519207960235,.0456179561371825,.0447854607994088,.043843239089536,.0430047327252855,.0421301462897175,.0412715119685757,.0403286595257733,.0395107342017677,.0386361521614441,.0378160424577631,.0369526363453269,.0360718596889867,.0352004463902481,.0343631600597545,.0335433611431098,.0326790968664643,.0318821304013714,.0310258161575308,.0302073663261802,.0294153255707666,.0285838956790792,.027800629157539,.0269633316710399,.026169864387393,.0253870967232106,.0246718213853293,.0239228374375369,.0232424584087019,.0225345302964967
MEX,Mexico,fertility,19,female,.0973075963435934,.0959476402389465,.0949682185945922,.0939474132733194,.0929372654704861,.0919848198728299,.0909877358542057,.0901310379754188,.0891965538622198,.0876888706780402,.0866260553477437,.086372777963113,.0857834847548294,.0858926951996574,.0852669768675123,.0840716016416951,.083474249347389,.0824255160832973,.0816422288583951,.0811076264749441,.0803949927166599,.0797704850672738,.0789848067172969,.0782256914969438,.0775705498346555,.07680783555164,.0761036607702162,.0753054535591862,.0744711852374463,.0737257642768638,.0729399472709909,.0721567690978925,.0713388392606326,.070505616071893,.0696578033365598,.0688384543948683,.0678869685796005,.0669992397216211,.0661986301369863,.0653960926630432,.0644180332991976,.0635507439862126,.0625728307019317,.061745742484042,.0608476972024794,.0599209354667567,.0590690796458602,.0581605587643127,.0572257202922749,.0563064651355947,.0553196140479793,.0543618880306985,.0534384751668656,.0524802329578775,.0515078823903352,.0505474849333951,.0495656264787807,.0487158660706587,.047767066417435,.0467371835554615,.0458104070345398,.0448186535921117,.0439201934598879,.0429650517509082,.0420133911081047,.0410837686263484,.0401545506156246,.0392038193125177,.0382909848115155,.0373304204351014,.036376791918394,.0354436484415716,.0345324802068591,.0336549646057894,.0328279722245739,.0319615154963217,.0311714682542906
MEX,Mexico,fertility,20,female,.1035562058078806,.1020159249070017,.1008487811378724,.0997058203579644,.098738223047945,.0977728987138087,.0967520848906426,.0958767555293537,.0950134593233883,.0940705174768283,.0925764319299238,.0915215170351894,.0912480225012388,.0907372124698073,.0908546068729135,.0901615705333721,.0889057306604451,.0883155601651443,.0872969031379548,.0865645074305195,.0862003999285621,.0854060181261342,.0848190989965635,.0840021481005379,.083414491728237,.0827531542044798,.0820393371949134,.0813676672213845,.0805755976533561,.0798680570567638,.0791443803029032,.078461434200893,.0776450416576317,.0769385740702599,.0761538592209645,.0754078504365916,.0744912143137185,.0736499994778571,.0729205472262639,.0721482185902486,.0713323605342912,.0704745738225946,.0695885688166187,.0687525619595339,.0679995436937987,.0671095697328449,.066343801828137,.0655043913273831,.0645807629035575,.0637694170946979,.0628068233992207,.0619550966679944,.0610304368106932,.0601550616158841,.0592028602946438,.058370189384097,.0573461533193628,.0565344512641664,.0556810029601254,.0546834576861541,.0537395355012578,.0528275335566646,.0518969322477047,.0509855468569046,.0500784024855411,.0490990282759502,.048237210122538,.0472953714881762,.0463335213385975,.0454196387919259,.0443814731907198,.0434651615883664,.042531081544262,.0416487283994457,.0407591425967748,.0399368458433911,.0390498078857113
MEX,Mexico,fertility,21,female,.1054947236396284,.1041245028833221,.102882996575514,.1016333208052022,.1006300163976871,.0997920825857901,.0988357789136629,.0980182321180419,.097208454052041,.0964114473055119,.0955894323917004,.0941728358598082,.0931248977527923,.092992760630224,.0925022358022897,.0926206186815182,.0919501656115714,.0907393770010858,.0902571425992653,.0893409701070151,.088825501676425,.088437189120323,.0877236663360808,.087160889352612,.0865710461215222,.0860231694847597,.0854646302492656,.0848283374977305,.084215803335878,.0836060234458849,.0829666433993064,.0823989425539093,.081728431059408,.0810739697806043,.0804687244575272,.079840330682009,.0790373492145275,.0782865974727163,.0776614513478395,.0770068435924636,.0762609651721017,.0756310763224374,.074795467482224,.0741137174246326,.0733956683475648,.0727038091405462,.0720340044697888,.071328597058857,.0705192888369548,.0697750164785367,.0689676235431114,.0682005490005962,.0674383978079383,.0666087190334015,.0657930416059237,.0650440479185093,.0641994184129268,.0634101637900403,.0626394432787648,.0617893506181865,.0609438901622399,.0600600685568126,.0592800566093725,.0583780567381187,.057579052672785,.0566983954469492,.0558436742094233,.0550289192354101,.05413242101267,.0532177695834764,.0522788285261721,.0513314044723421,.0504783067538585,.0496376218004228,.0487979127522904,.0479623386600131,.0471880231654665
MEX,Mexico,fertility,22,female,.1051229853352145,.1032949587474709,.1023051951004374,.1010581228583002,.1000205239846583,.0992111859807281,.0984446362940311,.0977554050002116,.0970619554739458,.0963737857596193,.0957546584530943,.0950758932273371,.0937248283533428,.0928574022836719,.0927874664622461,.0923258368119069,.0925089368726166,.0919397069707846,.0908739281225639,.0905441086047044,.0898852440623177,.0893745632460627,.0891097520417985,.0884527551987442,.0881590192282766,.0876409405514133,.087230515869621,.0867841860214764,.0862394539438352,.0858474820018477,.0853383586258701,.084886709793375,.0843612620389835,.0838887711982517,.0833653946457795,.0829512292082652,.082291002603412,.0816908597935525,.0811925875161811,.0806698561250758,.0800678066522934,.0795408956570248,.0789647759219448,.0783684781531875,.077839300374625,.0772045330830827,.0767787419464816,.0761948509801411,.075546306722109,.0749564526167409,.0742365851016081,.0736696421131572,.0730216733870968,.0723936627090582,.0716495408978294,.0710849935116891,.0703444332898439,.0697940128588394,.0690687347706161,.0683239802142715,.067677253276464,.0669304963900441,.0662159959751422,.0655017777726966,.0647476317986813,.0640105948570798,.0633071419165094,.0625281920805682,.061804401283336,.0609939759036145,.0600759285860866,.0592883028291257,.0584369833806877,.0577319491759221,.0569747851880562,.0562381100237524,.0554839284039369
MEX,Mexico,fertility,23,female,.1042407934329064,.1028841538058071,.101473027711113,.1005017569695556,.0994915847725937,.098674455096099,.0979600829278051,.097480290388431,.0969339085730191,.096382264604571,.0958900343894521,.0954306469646591,.0948307031543886,.0936765921076593,.0928856557935381,.0928582401966432,.0924747439634719,.0927724721788208,.0923607989178704,.0914546059566294,.0913965342104018,.0907473219503352,.0903666644453899,.0901682316728177,.0897872870020111,.0895735758056955,.0891969067802917,.0889060095752022,.0885559538359145,.0882375916225822,.0879507168566385,.0876347365833962,.0872264517602762,.0869039952030913,.0865677544331203,.0862376268778826,.0857911668490357,.0853380547901533,.0849967147095012,.0846006593640328,.0841290376770138,.0837520642077565,.0832751564828437,.0829510184723815,.0825063851936136,.0820626898326112,.0816987052536373,.0813633535765091,.0808336361681607,.0804138652209557,.0798433124134831,.079371951022518,.0789307536172899,.0784201300076142,.0778821610655493,.0773996000165658,.0768426526977249,.0764163569580597,.0759386505752534,.0752275136645877,.0747023627646513,.0741652887239247,.0736028731873435,.0729529459036201,.0724095328218659,.0717130784650217,.0711769035835755,.0705619538880314,.0698745288926171,.0692594787965078,.0684486893554091,.0676944844610457,.0670301157311717,.0663399692779393,.0657428540376046,.0651107305113987,.0644760462733297
MEX,Mexico,fertility,24,female,.1046385169238663,.1024359667016827,.1015014070006239,.1001283055943237,.0994035930550101,.0986265873412201,.0979159074930892,.0974991893082929,.0971735405046284,.0967789310148312,.0964335447934396,.0961115146661916,.0957402755408483,.0953467199202112,.094272024942115,.0935268347648013,.0935867961695727,.0933213212505913,.0937919726142579,.0935508715079,.0929149377179075,.092878170038558,.0923583460794035,.0920441866342829,.0921365709119397,.0918345638515833,.0917713013500043,.0915144231793639,.0913228181404259,.0912074512245745,.0909957769939678,.0909113784456766,.0906385968616093,.0904383906434197,.0902536997885835,.0901192956218719,.0897488738738739,.0895173233364403,.0893327370059192,.0890953382283659,.0887475949592895,.0885068825437648,.0881775945834927,.0879597849093301,.0877987684711284,.087435226875752,.0872778890951935,.0869994781787201,.0867225261443094,.0864294291759019,.086026195875148,.0857179520082125,.0853727230465821,.0850778770593371,.0846568724988042,.0844044376536239,.0839184523674061,.0837024566671032,.0833478419360279,.0828906133310678,.0824063191467055,.0819952739994823,.0816668396995401,.0811748655488769,.0807027725975018,.0802296496451704,.0797465172123829,.0793087918286322,.0788015779996534,.0782254496816681,.0776179184394041,.0769962491434342,.0763726078185486,.0759056489879502,.0753272081931453,.0748827550806132,.0743701584582978
MEX,Mexico,fertility,25,female,.1030893015296396,.1026176400709963,.1008486703737967,.0999438415310111,.0988189850698452,.0983206162775263,.0976456487897615,.0972288706575725,.0969615426285022,.0967823607150309,.0965898887117707,.0964096542582161,.0961721294652431,.0960043192577928,.0956918274750305,.0946571984961452,.0939892574601232,.0941646250892186,.0940604966175478,.0947056586400849,.0947419954567253,.0941119966379996,.0942101080448195,.0937495867608869,.0937211359351365,.0938966842453171,.0937371653538345,.0937974581519849,.0936350463791979,.093680043738807,.0936708065314737,.0936602344202914,.093618729008977,.0935563215756112,.0934944031918431,.0935169171653782,.0933369979190388,.0931851706387767,.0932338499544893,.0931547979757557,.0929668841532647,.092857225775745,.0926636041235374,.0926053855580738,.0925547288340041,.0924856397370541,.0924207946788027,.092353372955961,.09213087736907,.0921134998973373,.091836257900752,.0917171264014764,.0915456191426543,.0913541766692014,.0911631988787813,.0910489405221396,.0908019684389363,.0906826215565408,.0905531465835064,.0902241908006814,.0900318143808691,.0896670127076764,.0894890246283435,.089253530749787,.0889670952924745,.0885747431789937,.0883557106294432,.0879823728342444,.087680736088798,.0873153919958561,.0867484991852826,.0863772571490092,.085920007950119,.085524089593775,.0852111867339361,.0848073444339489,.0845215293481429
MEX,Mexico,fertility,26,female,.1013543617471153,.1004642090671241,.1003816252040752,.0986513628266088,.0979808022692215,.0970781317851239,.0966700006423256,.0962781033985976,.0959990311439158,.0958666993365781,.0958763538208142,.0958382974617066,.0957305175430237,.0956859764253546,.095589622402771,.0953114861971168,.0943491813184384,.0937853436388026,.0941129843012915,.0941663545137314,.0950841904853617,.0951256220902232,.094615952377132,.0947713709836778,.0945902272771297,.0946319113367593,.0949488658095881,.0949033669445258,.0950556762571269,.095124553598661,.0952717403615582,.0954639632008965,.0954879465963005,.0956586816476437,.0957332488074898,.0958767638288066,.0958482376828891,.0958927057638384,.0960248459849779,.0961815717848561,.0961500339746697,.096208862797324,.0961455230826508,.0962335285118334,.0963487365023217,.0963905316236923,.0966412802211678,.0966679701919106,.0966637268396367,.0967098988654652,.0967176479593053,.0967428804296927,.0967743995504212,.0967726555201186,.0966916421116691,.0968396956384203,.0967339825404828,.0968951392317238,.0968698619179305,.0967786539564279,.096741417901785,.0967013583127862,.0965926800177867,.0965228789589598,.0965332762377786,.0963503711727243,.0962423280030388,.0961715681192476,.0959520348626355,.0958278885115113,.0954989655421576,.0952022985705244,.0950478168173162,.0948661202556757,.0946549983580038,.0945728061953188,.0943564873951139
MEX,Mexico,fertility,27,female,.0983979843182972,.0979182495924212,.097404225792949,.0973082288614042,.095819427608717,.0953446088601276,.0945267171733336,.0943758220129315,.0941041974998801,.0939417469250998,.0939771745267793,.0941166715424219,.0941306446303126,.0941939480263207,.094200198765803,.0941195132995967,.0938961125091651,.093030018527904,.0926042903230969,.0930654989682532,.0933642364085252,.0942600331548254,.0944064101429571,.0939357787745724,.0943530556427295,.094224560686555,.0943855018441254,.0947975558818662,.0948233839297208,.0951899036233652,.0953409100659854,.0956691989764092,.0958775149944658,.0960976213124103,.0963880500360138,.0966534152031768,.0967269805123616,.0969075720974821,.0972243503654898,.0974458366627564,.0976361580063978,.0978415266975714,.0979316103692429,.0981402610000455,.0983881993460553,.0985827650930172,.0989345765472508,.0992687171004433,.099342130160323,.0996049282276008,.099657131478566,.0999707018847616,.1001377291681463,.1003345508903866,.1004376116142045,.1006963356379472,.1008440500195327,.1011548391459839,.1014063527889053,.1014086897488119,.1016223940363707,.1017351560682568,.1019685001371897,.1019597718619568,.1021433411928111,.1022656069184698,.1023877404040792,.1024259030068034,.1025275143848147,.1024903128660836,.10240916155899,.1023828204071199,.1023123925485439,.1024716524015527,.1024970942051877,.1025303575889403,.1026698779181377
MEX,Mexico,fertility,28,female,.0946536574285685,.0940134776147392,.093869982547993,.0933401249134121,.0934138794754678,.0921360012655387,.0917199990084821,.0911516282411769,.0910952148302468,.0909195153573139,.0909034347178873,.0910441944548555,.0912121280028684,.091371216011796,.09146362995991,.0914654145272142,.0914184778037308,.0912647457667799,.0905319909674304,.0902315006980869,.0909036187857641,.0911645202680226,.0921256780391872,.0922862653963289,.0920655704681087,.0925077269567748,.0924805124461296,.092715128825428,.0931744755531018,.0933921096123324,.0938173254103314,.094127725806469,.0944501746509149,.0948320052700807,.095149716231306,.0956084242681075,.095782895357026,.0960478443497135,.0964806853467189,.0968670618120237,.0971012171866713,.0975108527096323,.0977299638557128,.09807630126937,.0984281082975554,.0987357681066468,.0992253192522688,.0996393076533844,.1000060667095381,.1003332167156379,.1005878567255182,.1009338032279063,.1013766184022861,.101695539852112,.1019858836322973,.1024238393802092,.1026641685326509,.1032294967024972,.1036146403297343,.103886413627364,.1041885975566964,.1045504344926609,.1049332863483479,.1052680293309904,.1055071004633518,.1057983089551318,.1062362678535577,.1065054315108751,.1067136107160879,.1070089472847376,.1070070075900997,.1072488934136628,.1074637072958438,.1077168548038353,.1080998168360457,.1083877805958284,.1086499403357677
MEX,Mexico,fertility,29,female,.0902985581996168,.0889720522567005,.0886511156952977,.0884656155078409,.0881062526284681,.0883075814624153,.0871199167450945,.0869189980963352,.086448271934691,.0864622826271719,.0864141928046247,.0864839812077939,.0866321901905549,.086914005842864,.0870788746890974,.0871475520366247,.0871622456019157,.087161308489472,.0871039562519251,.0864973290533921,.0864053404620158,.0870025400142225,.0873145789185457,.0882377289991176,.0886044630441083,.0884069789034305,.0889101699184828,.0889394590745724,.0891987474099117,.0898086385083186,.090062398082602,.0906089630094795,.0908894090174202,.0913519423035793,.0918005591024635,.0922541101167285,.092596176067637,.0929313044454248,.0934138695960708,.0938855962552805,.0942542700163912,.0946773910886244,.0950699222169766,.0955141486428994,.0959725504084346,.0963535570142992,.0969213159564025,.0974401912163564,.0978563222958376,.0984439014308813,.0987342299664038,.0992498678821918,.0996935140679916,.1002592792692717,.1006425427735899,.1012350532603068,.1016248938666252,.1022504597980813,.1028587047950551,.1032351668829656,.1037810547336325,.1041995673336939,.104803136185444,.1052583862194016,.1058199154448142,.1061366289355134,.1067179069244604,.1072798400072518,.1076967166017705,.1080724791273554,.1083839931417384,.1086871209678714,.1091531470013422,.109679227405572,.1101303752920299,.1107641462253635,.1112634591670977
MEX,Mexico,fertility,30,female,.0843761491298508,.0832733643398697,.0822956914640943,.0819380215556618,.0818827564850766,.0816577989358723,.0818518085599768,.0809162322042854,.080781220754242,.0803927181289284,.080502469301514,.0805244036983518,.0805892062781524,.0808284896785211,.0810917498977973,.0812138511932616,.0812767244066272,.0813194358512983,.0813888739366648,.0814114807925956,.0810138620334821,.0808703961692871,.0814767378503748,.0817579428903154,.0828094098843238,.0831555122511896,.0830293733080795,.0835434061324567,.0835890492917567,.0839783628080063,.0845810938981979,.0849357068845442,.0854218408164446,.0858157008078981,.0863136254616058,.0868627435952741,.0871826775381668,.0876496186690419,.0881684947428892,.0886608118517457,.0890903069259417,.0896124737353887,.0899956218161254,.0905752304331305,.0910987313933651,.0915597899108342,.092165314996271,.0927323723638429,.0932251284753462,.0938277741117088,.094348102514634,.0948677899669199,.0954498734732794,.0959858614608405,.0965821866013824,.0972322125464869,.0977509608033423,.0984868947319212,.0991247416749553,.0996931379292101,.1003112058091751,.1009429371133272,.1015732406861849,.1022174081702899,.1028677257704553,.103479104581052,.1040571953196726,.1047292114415362,.1054095927766159,.1059706586732282,.106339394758912,.1069319597737746,.1074368330223267,.1081878240976855,.1088872749739719,.1095602866589865,.1103803717265717
MEX,Mexico,fertility,31,female,.0773363096496346,.0767896624853353,.0760104498818168,.0750600448497309,.074836850258943,.0748818885608546,.0746793274151754,.0750075095356934,.0741915926561856,.0741086680765006,.073834675913331,.0739917260314634,.0740053205892287,.0741512179122385,.0743635589293118,.074568688535063,.0746726758154269,.0747487384327113,.0748445224939039,.0749693407826631,.0751385729539019,.0747085585627495,.0746078328119618,.0751459424198806,.0755637353028465,.0765258139836555,.076889624173565,.0767965960033432,.0772767384578845,.0774385772665854,.0778099935672679,.0784621150932539,.078747577627596,.079301124343596,.0797072226697011,.080269096408779,.0806598444714992,.0810728228004629,.0816754600723153,.0821710181457234,.0825931837070252,.0831309583995378,.0835808389760078,.0841079866096056,.084721925145989,.0852097063832938,.085841465901477,.0864081365106887,.0869117842307911,.0875387346153708,.0880381306414364,.0887260792913919,.0892680772868664,.0898890358475686,.0904141017765129,.091210319521111,.0917438810797967,.0925397109842239,.0932342837222431,.0937855198464886,.0945306455544604,.0951775514210658,.0959523732574925,.0965676299009632,.0973415250423061,.0979815016921873,.0987804285506049,.0993919711119899,.1001182754620003,.1008718955771477,.1013660225143397,.1019510775445987,.1026741028818482,.1033907978692267,.1042388794737495,.1050849827386946,.1058703837722749
MEX,Mexico,fertility,32,female,.0700972215043254,.0694319053693392,.0691458596698135,.0683909209519953,.0676265856363344,.0675109295669144,.0675523756947308,.0675025973902186,.0678363137660214,.0671314157256688,.0671287982850098,.0669270494052685,.0670591515264161,.0671456100328256,.067266320405328,.0674212954565319,.0675935033579789,.067698439094235,.0678126132809536,.0679471676619029,.0681891636884553,.0682782058102462,.0679090817585679,.0677892319653574,.0684128661149263,.0687754890302397,.0696823712758451,.070025874955318,.0699342358982686,.0704697814509703,.0706166251924117,.0710269226993301,.071570599670434,.0719120613107485,.0724422696082175,.0728889273937221,.0732811029930212,.0737290835777932,.0742435760313265,.0747905624132902,.075195890707843,.0756922115944178,.0761341503805464,.0766833002783893,.0772142645506035,.0777579915408078,.0783706543481435,.0789311813473801,.0794059788031099,.0799992400927087,.0804942202699365,.0811136974080947,.081774601727629,.0823184628006731,.0828864866344017,.0835611295343163,.0841974794926508,.0849450588819342,.0856549989411759,.0862230003556313,.0868955980398343,.0876143392801701,.0883461186054133,.0890528825665011,.0897419001593679,.0904491634438741,.091213568116582,.0919809812453948,.0925947696501997,.0933328815837212,.0939615080291223,.094602008614898,.0952552717199189,.096111657462743,.0968627859023942,.0977796174200987,.0986600852564695
MEX,Mexico,fertility,33,female,.0632693424867063,.0623694633141299,.0619642660061069,.0616630106885446,.0610744948807192,.0604695535346351,.0603683765372834,.0605272794550436,.060515913755249,.0608466586823622,.0602805118933252,.0603200686987576,.0601310759148007,.0603155479913748,.060382338355155,.0604559164472055,.0605834914387673,.0607469629347438,.0608804742593462,.0610243091392906,.0612595371651294,.0614168321117762,.0615151712765858,.0611535976878008,.0611639661562688,.0617080359487499,.0620587929614736,.0628842295171662,.0631842030845976,.0631863691396541,.0636650141861311,.0638574474175624,.0641776180204081,.0647369976703707,.0650619767460474,.0656039200095673,.0658930031867791,.0663225871340784,.0668450080550738,.0673006373275403,.0677459401982998,.0682038910993452,.0685993088758036,.0691154293788125,.0696469248291572,.0701026132228526,.0707361669483362,.0712649922057361,.0717228061644348,.072262168206767,.072716548401789,.0733009312400044,.073878052239774,.0745076491370628,.0749871388229895,.0756650776468888,.0761771825583954,.0769768278010487,.0776209367407817,.0781866611497582,.0788386127221922,.0794647675964564,.0802252515011673,.0808691156141836,.0816059744626832,.0822105286070329,.0829952988398684,.0837001057133579,.0844262158143576,.0850268016676593,.0856184766151275,.0863414641097733,.0870072867060646,.0877522981506443,.0885934704960349,.0893748587628654,.0902797410851864
MEX,Mexico,fertility,34,female,.0567978324625634,.055758068360178,.0551330798479087,.0547363227716259,.0545501142883623,.0541014564618675,.0535693413318151,.0535884519114331,.053760580248538,.0537799528313169,.0541356740478973,.0536695108590938,.0536981709809517,.0535886835774999,.0537441860682012,.0537732795188884,.0538270667720202,.0539472666529586,.0541278060410051,.0542825441207108,.0545110220346709,.054666105796481,.0548209034305466,.0548815422370275,.0546622832115915,.054652457815885,.0551562636484713,.0554742567498584,.0562002395834182,.0565415090437276,.056533691734376,.0570126612493338,.0571356118160929,.0574784784449157,.0579892367698426,.0583303139999808,.0587085795799717,.0590282756912487,.0595110489706496,.0599654166478394,.0603218584443509,.0607948152682856,.0611514902944281,.0616012909856387,.0620878647425374,.0625346464183303,.0630597862629053,.0635959490465287,.0640171750845038,.064514467526204,.0649144213885165,.0654330705848308,.0659597645316122,.0664940494399044,.0670358542497421,.0675974002710419,.0681053032051242,.0687502754569437,.0694240531290951,.0699195274289321,.0705351963871396,.0711197324764219,.0717648919763257,.0724124946945314,.0730609162858756,.0736864593558925,.0743399983926487,.0750360215208842,.0756767975868439,.0763504876712634,.0767995913750958,.0774484505072495,.0781530014724851,.0788670579669142,.0795709158972594,.0803947763740896,.0811364330880797
MEX,Mexico,fertility,35,female,.0499808441351127,.0493934310745436,.0486364609347128,.0480578531927967,.0477797568825974,.0476778812946675,.0472878067726117,.0469156811509074,.0469576207424998,.0471325592404293,.0472008350194426,.0475443628743222,.0471260230902781,.0472006626091165,.0470927559252602,.0471992137357083,.0472106503718352,.0472612350958692,.047392482845344,.0475788613240339,.0477980021925083,.0479465401019835,.048090502102376,.0481990181993458,.0483391930259378,.0481233395855905,.0481248489860938,.0485670613330188,.0488300751879699,.0495274861939046,.0498138244408866,.0498450500133076,.0502164957164555,.0503668566429145,.0506697447467142,.0511570478014073,.0513568391048812,.0517349816830025,.0520951191491584,.052500002741171,.0528450528880962,.0532154590658853,.0535757359181668,.05396415706254,.0543724686761903,.0547633050772406,.0552491299327133,.0556733937870271,.0560870053111555,.0565230650327771,.056876860191004,.057314469176767,.0577608288138746,.0582258120829125,.0586635128581309,.0592432530596519,.0596361711128869,.0602316640895681,.0607461728662807,.0612528517618825,.0617679817783105,.0622941978708068,.0628645122810964,.0633844456352171,.0639999893428821,.0645209803966328,.0651506146833579,.065700180022912,.0663013969914761,.066865414426483,.0673597619526138,.0678358530831988,.068434851619852,.0691350617813013,.0697726246653496,.0704283277290724,.0711649150062639
MEX,Mexico,fertility,36,female,.042580020569961,.0425209900904981,.0421493589612355,.0414722560339182,.041035626781126,.0408501118992707,.0407638281775786,.0405100517248055,.0402117303134801,.040266785169748,.0404581822878464,.0405412801488684,.0408278833870383,.040508934942856,.0405617039047818,.0404401502153111,.04051838375671,.0405278543922465,.0405912407382968,.0407251936568739,.0409537103106353,.0410946337902031,.0412267717574741,.0413231295809513,.0414873543199473,.0415854742851795,.041405745165547,.0414011307216361,.0417640468685087,.0420350561545057,.0426198017778686,.0428951738586137,.042874431287244,.0432255661055919,.0433512960231207,.0436395848832957,.0439674216079782,.0441729444199099,.0445600430266243,.0448461369177705,.0451432122677453,.0454829293955245,.0457467158241756,.0461144149201457,.0464508168812766,.0467643824997429,.0471722996325536,.0475502592309197,.0478579712279216,.0482621211331399,.0485576754973834,.04892706482214,.0492853010183617,.0496633589600007,.0500259773448622,.0504805381150638,.0508825039868097,.0513378812874971,.0517950109612785,.0521529354883097,.0526441311320694,.0530630724490045,.0535513096752421,.0539904535543813,.0544633867246651,.0549380056999815,.0554416606283684,.0559483778629834,.0563972604236075,.056899319581781,.0572871012482663,.0577662828342954,.0581861297904152,.0587544282534273,.0593484413186763,.0599108454995977,.0604680763465458
MEX,Mexico,fertility,37,female,.0359764798404424,.0356203667104955,.0356804097793349,.0353429338063567,.0348247113538911,.034502324698738,.0343477603811729,.0343432287808315,.0341470198938653,.0339116539856927,.0339930595864342,.0341762324841256,.0342395721616513,.0345158875077356,.0342364055002044,.0342569490613818,.0341428178636506,.0342077757727731,.034233095722344,.0343034970079329,.0344739997251406,.0346271495454386,.0347490457201853,.0348362339135123,.0349772973705611,.0350960527501577,.0351824738151434,.0350242135753814,.0350051916305551,.0353480182118259,.0355635325229003,.0360805068052584,.0362717685877334,.0362791963001827,.0365715785644604,.0366997654807644,.0368635662911771,.0371668421344268,.037390570728126,.0376956111368175,.0378914410704253,.0381755850415829,.0384146300973259,.0386837055866942,.0389943106936788,.0392433307041341,.0395653782573718,.0398736828684098,.0401414547669982,.0404383092010603,.040708693382822,.0410089741046318,.0413028890280864,.0415956386949728,.0418792527171964,.0422463307220038,.0425450508905387,.0429776728658465,.0433112852143677,.0436208798294277,.0439642937036246,.0443536751355368,.044732412938751,.045096005904857,.0454807055723435,.0458290122542276,.046269754699272,.0466582597730139,.0470589831612369,.0474187657534022,.047754783610706,.0481191649125535,.0485251249111774,.0489162037917027,.049378928740843,.0498844756454047,.0503447957881026
MEX,Mexico,fertility,38,female,.0298709655569479,.0294668388899721,.0292665726375176,.0292959674513783,.0290615454928914,.0286741609155371,.0284106356886865,.0283398496641535,.0283526320502878,.0282040297157892,.0280395571092473,.0281259521331146,.0282719828982942,.028353719052859,.0285747631365466,.0283244941318261,.0283318180627734,.0282377588297846,.0283057133467912,.0283412820396908,.0284477614480915,.0285558605867991,.0286841107174735,.0287664683382915,.0288881281302486,.0289883897507053,.0290897022585628,.0291567083897349,.0290130848118923,.0290260043607593,.0292987417161002,.0294949279317199,.0298900846653454,.0300686378306469,.0300712915538814,.0303308138716647,.0303700303231871,.0305278597937623,.0308200870482863,.0309857308070972,.0312009331850365,.0313899630770575,.0315836989491184,.0318181868553831,.0320405379502793,.0322673232248488,.0325199496625203,.0327543272509749,.0329668826616971,.0332168734240933,.0334037703813751,.0336678322449828,.0338998101358259,.0341335479475748,.0343448935128025,.0346278224194595,.0348602990131575,.0351812678870745,.0354962617041112,.0357071475124919,.0359954075084229,.0362565478148645,.0365966835573781,.0368666743158001,.0371767619870275,.0374521808172077,.0377686790893778,.0381008261171159,.0383976977548799,.0387110970453246,.0389331027159575,.0392379527880651,.039537712049926,.0398985139746313,.0402049853843617,.0405882812888734,.0409895380312125
MEX,Mexico,fertility,39,female,.0237878877775453,.0235096790647547,.0232618244979237,.0230864161284999,.0231425801754548,.0229864319060539,.0226791236643973,.0225152077656514,.0224702808260409,.0224907847340601,.0223962581432954,.0222789746516384,.0223420869689133,.0224802828761661,.0225381966933039,.0226981101518606,.022489884433763,.0224957650621374,.0224310269533285,.0224962664529987,.0225620437336513,.0226192099899222,.0227061398421352,.0227928554903829,.0228965640427319,.0229795463758178,.0230623483019734,.0231387543770614,.0231819613336279,.0230904874313069,.0230919016956284,.0233224303501084,.0234517281229138,.0237827686529255,.0239219570271005,.02393642387366,.0240916537740551,.0241397138842445,.0242969531470922,.024514811031665,.0246169377188139,.024808986127047,.0249278057317874,.0251118396828582,.0252979014026526,.0254513034182789,.0256690327020288,.0258461593996905,.0259988339091947,.0261912152723886,.0263446119086325,.0265256676167203,.0267247864400631,.0269023360277001,.027064213158803,.0272721119856943,.0274428090086895,.0276867132325723,.0279097829578361,.0281106524837385,.028304759300801,.0285177233503525,.0287413104720212,.0289800917033194,.0292049742665848,.0294185822407659,.029661451148859,.0298904146269365,.0301375691391292,.0303609407683832,.0305542902596387,.0307557226081203,.0309985331532233,.0312594346644703,.0315368853033433,.0317834509923423,.032079268223267
MEX,Mexico,fertility,40,female,.0176356948156773,.0174187242680308,.0172675689991694,.0170739988845055,.0169687021940521,.0170315713319852,.0169177623240578,.0167247915524099,.0166114161499455,.0165866834374979,.0166181544181208,.0165589971946641,.0164687205796593,.0165314925995092,.0166298107632181,.0166604298835704,.0167739136027771,.016620053152572,.0166321454078592,.0165931690283325,.0166693670237418,.0166978615815019,.0167423716335955,.0167952553903466,.016889144014471,.0169556521060635,.017020215003173,.017078170235216,.017127996032008,.0171782837721425,.0171037649791191,.0171155518613439,.0172673981067057,.01737577873401,.0176195834810624,.0177329492256352,.0177059221025693,.0178345733586527,.0178947939760596,.0180018553385359,.0181421737869822,.0182342912443072,.0183544131646947,.0184642210536807,.0186016939330352,.018723071419207,.0188647835773037,.0190093596817686,.0191170424717751,.0192495087962385,.0193598221131378,.0194981717949514,.0196245062944566,.0197681876755559,.0198833559750785,.0200346017904717,.0201495464866086,.0203208876893087,.0204795930725445,.0206089771804728,.0207792848944127,.0209130371492877,.0210837319612493,.0212272764161662,.0214138029100021,.021557175541061,.0217357014828092,.0219014003008911,.0220606871257147,.0222363890343517,.0223622978462585,.0225246867790474,.0226758862010007,.0228755820512537,.0230634038191582,.02327284460687,.0234523271577045
MEX,Mexico,fertility,41,female,.0124788548015539,.0124155139288635,.0122935524707845,.0121730311642817,.0120480696623863,.0119832064327902,.012023279200979,.0119604789310882,.011825709369334,.0117465738362899,.0117364845130307,.0117611216178153,.0117122311757502,.0116555479606371,.0116921822121118,.011748962568842,.0117630305860107,.0118385988330661,.0117322219720571,.0117427518519911,.011730983946482,.0117668926760505,.0117852590097657,.0118046937507246,.0118587518027058,.0119150057827316,.0119609244698594,.0120008740345244,.0120335439298214,.0120786633575473,.012105731624067,.0120585620608767,.012050758085945,.0121636911933725,.0122359323185772,.0124123182559154,.0124636305907514,.0124519220880726,.0125574619483445,.0125906593320449,.0126483710527402,.0127574141488594,.0128049208190574,.0129031414639248,.0129794357920965,.0130630172596732,.0131668674625079,.0132530565260144,.0133372347549138,.0134243594846928,.0134933675993154,.0135865461617664,.0136787035268177,.0137635971954211,.0138522104566358,.0139547753658702,.0140325896119874,.0141444988194074,.0142480217419239,.0143354748444181,.0144418074352236,.0145537081128366,.0146573069814019,.0147620826118285,.0148694637777374,.0149840926256721,.0151004541645545,.015216423977253,.0153260033911514,.0154332507587782,.0155303776815173,.0156343753547432,.0157510030858941,.015872384110323,.0160113587928238,.0161488172402738,.0162945259435982
MEX,Mexico,fertility,42,female,.0084137892235989,.0082473611958674,.0082214124624789,.008127176641675,.0080504597601216,.0079699266598808,.0079196906288075,.0079538291398917,.0079099344751998,.0078168470121727,.0077655207430222,.0077567727833611,.0077648486291284,.0077338612106611,.0076881654093771,.0077010810946882,.0077295580325824,.0077329717884341,.0077807216147213,.0077091201467649,.0077232185319575,.0077011929612187,.0077209166048382,.0077221834080178,.0077439545566167,.0077699120116936,.0078029937782676,.0078275943702414,.0078464060776819,.0078717082270732,.0078939527932921,.0079133721825137,.0078700598060207,.0078666158499814,.0079369650841068,.0079857320237476,.0080799919200081,.0081165986761956,.0081172041061807,.0081786568273055,.0081879791715729,.0082308407026674,.0082884456321522,.0083268949196864,.0083898218185547,.0084304272866038,.0084949092518814,.0085535776544328,.0085978435945169,.0086596915865209,.0087004274351063,.0087554308719453,.0088117080143819,.0088684514948589,.0089168992276811,.0089877126312191,.0090362082201557,.0091065229134727,.0091696116021323,.0092213213299862,.0092875348950115,.0093529287790341,.0094315700935735,.0094911061402918,.0095634090399833,.0096253300566973,.0097108565193672,.0097812550971006,.0098530210880515,.0099239920513185,.0099789252544593,.0100529959699443,.0101238014847521,.0102115821270038,.0102922125646869,.0103873761313361,.0104782461285601
MEX,Mexico,fertility,43,female,.0052126875932513,.0051263587236484,.0050281190351136,.0049975912654596,.0049357097550628,.0048840150172051,.0048247302061364,.0047935603952875,.0048074534287455,.0047730903684019,.0047118804906308,.0046751715749568,.0046602946167684,.0046612513045444,.0046328588528077,.0045943744309742,.0045924871024258,.0046019966065888,.0045991272353897,.0046234048529342,.0045815441108344,.0045774837236113,.0045588627134554,.0045617051574347,.0045638598517078,.0045687829704145,.0045791752316862,.0045935776150766,.0046000684607985,.0046119535278252,.0046203943293779,.0046324321405531,.004634349800723,.0046081682933763,.0046016642137986,.0046417488860598,.0046575645359729,.0047137873376958,.0047386907753968,.0047337448975593,.0047609818313681,.0047689771225355,.0047858819135889,.0048235017333452,.0048453659560563,.0048761838181481,.0049064130843547,.0049390733114952,.004966573499265,.0049964671444433,.0050242468142913,.005054066494192,.0050853485874792,.00511708397316,.0051472954780629,.0051843170926981,.005217027649312,.0052590632168779,.0052970351514377,.0053258806788023,.0053656734112708,.0054035203686107,.0054489963149966,.0054929950691825,.0055332130081057,.0055736246454265,.0056196854349914,.0056706475563403,.0057134193434686,.0057598188239509,.0057961761594331,.0058403098505317,.0058905314911709,.0059441922939437,.0060020912448913,.0060571392426995,.0061212492617066
MEX,Mexico,fertility,44,female,.0029211946671188,.0028753958236453,.0028213421760757,.0027504192516505,.0027234098929547,.0026801156681499,.0026391370084373,.0025995562134743,.0025726802641449,.0025692257971409,.0025424241013086,.0025005762365843,.0024705610713461,.0024550801273404,.0024453719143686,.0024199749565191,.002390267606256,.0023806075263748,.002378916849422,.0023712634820553,.002379980697109,.0023481137892722,.0023402646502836,.0023222909749472,.0023219924364511,.0023164091187562,.002313300330758,.0023132303739706,.0023141882487997,.0023159056167895,.0023160479400921,.0023178146319185,.0023171386658519,.0023161480515937,.0023005829282321,.002295669005565,.0023080148980021,.002315096992304,.0023444235178344,.0023537584156942,.0023476384698727,.0023615325856016,.0023617137854808,.002373510181445,.0023914746028194,.0024000615455963,.0024195674312223,.0024334624206234,.002446764833165,.0024648256976227,.0024774129789038,.0024956222109247,.0025121007655494,.0025293223333683,.0025467965249662,.0025687225687226,.0025860326355925,.002612822714014,.0026344492777326,.0026539309575122,.0026761564136399,.0027003643865196,.0027273578811762,.0027533323672518,.0027842031798923,.0028089115467756,.0028396189284381,.0028688503715626,.0029020220250094,.0029329431390404,.0029608143679342,.0029921696531143,.0030256843429162,.0030644777411881,.0031037758992479,.0031467208108511,.0031876765196518
MEX,Mexico,fertility,45,female,.0015448724463868,.0014885961900437,.001449880323814,.0014018671213106,.0013498085804048,.0013218020210503,.0012832797929867,.0012509042995666,.0012178697900232,.0011919696940167,.0011776139259978,.0011530176587485,.0011220947840065,.0010972905216469,.0010796080578546,.0010635574596336,.0010425434601297,.0010201253406834,.0010072239582927,.000998810053577,.00098792332075,.0009825714689928,.0009623533810967,.0009517487080366,.0009393913046765,.0009322427708422,.0009244910057509,.0009176418804482,.0009114150655278,.0009077132549213,.0009038199345066,.0008999135470939,.0008959275328062,.0008924896850433,.0008890862527529,.0008802741588201,.0008734090093933,.0008769986889917,.0008780497731111,.0008872655139462,.0008872590837937,.0008844229838259,.0008883565716961,.0008882740467348,.000891636386851,.0008974358974359,.0009028052067554,.0009091865081104,.000914096940587,.000921173546207,.0009271250623489,.0009345048192785,.0009434666630467,.0009513688003319,.0009600076800614,.0009703513959724,.0009795270746141,.0009922008130696,.0010047391366972,.0010166348796472,.0010296242346025,.0010425571344026,.001058019777852,.0010729613733906,.0010905272890008,.0011082085616247,.0011258049505396,.001145426188206,.0011651148798173,.0011872814088729,.0012063885350236,.0012290775105022,.0012530947342263,.0012789821489301,.0013069819216538,.0013363506366999,.0013676953103096
MEX,Mexico,fertility,46,female,.0008498973470816,.0008052441667931,.0007660523293374,.0007336659137035,.0006995942353435,.0006649036320092,.0006411943183954,.0006147608199491,.0005915403459779,.0005686147407685,.0005491431721142,.0005361470329623,.000518674780957,.0004991481399678,.0004822779757469,.0004684652246842,.0004560316724163,.000442037262104,.0004282436320461,.0004197788058562,.0004125680000472,.0004040273603807,.0003981243487997,.0003861139720952,.0003795750657139,.0003711977091799,.0003656394166909,.0003600107334765,.0003547234786677,.0003502444976012,.0003468087811983,.0003431603433526,.0003401151984548,.0003360943355692,.0003332454200178,.0003307698668651,.0003256631100827,.0003223761061045,.0003227982510931,.0003220395293331,.0003235443872826,.0003235353286061,.0003211789546972,.000322401683188,.0003221652876378,.0003228855525232,.0003258499342366,.0003271060029929,.0003291025373806,.0003301718550027,.0003327250066768,.0003359850016295,.0003389620553938,.0003421072902837,.0003460061894133,.0003501833312734,.0003545780866138,.0003601296003372,.0003657150311207,.0003705054233318,.0003774368265112,.0003836163741245,.0003902429681449,.000397385229348,.0004060341800304,.00041480292553,.0004236651132279,.0004333016079748,.0004437723940699,.0004543087870466,.0004653873027905,.0004784023441715,.0004905838078486,.0005054688554438,.000519335570882,.0005362631084666,.0005540948697334
MEX,Mexico,fertility,47,female,.0004215698982744,.000391171039537,.0003635231757385,.0003397438421429,.0003193471918104,.0002992879577708,.0002794546857214,.0002649545861377,.000250405317081,.0002368406712023,.0002239070536942,.0002134350672784,.0002047772484286,.0001956253774023,.0001853324034199,.0001763360849514,.0001688284470112,.0001620825767053,.000155415456405,.0001488794405227,.0001438353349602,.0001398016195328,.0001353028725388,.0001323506943059,.0001267588988559,.0001236220891753,.0001195650111025,.0001164064378485,.0001138690601497,.0001114336710286,.0001089453798,.000107141512703,.0001049760577542,.0001036675267232,.0001023547328063,.0001011091482794,.0000990284735427,.0000973004839268,.000096298068786,.0000961064859865,.0000949401009632,.0000955661463159,.0000955619771358,.0000944369379186,.0000943611852604,.0000938522554595,.0000949910879148,.0000950996655302,.0000957796024276,.0000966843848126,.0000973218788431,.0000980715565739,.0000986998537448,.0001003689970318,.0001009628910327,.0001025795333315,.0001042842490675,.0001060577415235,.0001078375896327,.0001107911772904,.0001127054232441,.0001157392371367,.0001177301624676,.0001210555081455,.0001245623688618,.0001281827470906,.000131860927389,.0001355844498319,.0001404254892324,.0001442970392526,.0001494827513514,.0001548750803414,.0001600791285448,.000166770405738,.0001735292403393,.000181760591898,.0001888337224657
MEX,Mexico,fertility,48,female,.0001482382770206,.0001335684450407,.0001200438621804,.0001082692645212,.0000981834925335,.0000907263145515,.0000824742268041,.0000746734659202,.0000691358238074,.0000638478548185,.0000588540073799,.0000540564141054,.0000506636420128,.0000472281200333,.0000440337739046,.0000410765579018,.0000378852639923,.0000359926380464,.0000340549744588,.0000319342271046,.0000300425441189,.0000284438655409,.0000276321061389,.0000265343487144,.0000253608309769,.0000238805285812,.0000228737862597,.0000218733476112,.0000210369092573,.0000201374524972,.0000192532436902,.0000193224206742,.0000183770901522,.0000183354499519,.0000173120536135,.000017251872547,.0000172023280484,.0000162179695102,.0000162467673711,.0000155918520879,.0000160468246343,.0000153404192434,.0000156092281757,.0000156079775495,.0000155932612162,.0000157535886675,.0000158442447365,.0000160364004909,.0000162365426123,.0000163524096911,.0000165066620888,.0000166149940352,.000016742547613,.0000168494078556,.0000169414571008,.000017041329769,.0000182630472351,.0000183620584786,.0000184711434561,.0000197394623203,.0000198529944155,.0000199853519127,.0000212869120969,.0000226245152102,.0000228021981319,.0000242174142582,.0000244465006668,.0000259114347161,.0000273995805373,.0000288721291061,.00003041516703,.0000319786331565,.0000335953772761,.0000351794281128,.0000381245858881,.0000397837356132,.0000428141757736
MEX,Mexico,fertility,49,female,.0000179464263281,.0000154716779035,.0000129334924545,.0000104244005101,9.14841938184e-06,6.79390903409e-06,6.74260336411e-06,5.51604839119e-06,4.34265738062e-06,4.33449281016e-06,3.20218602566e-06,3.16247533269e-06,2.08528176849e-06,2.07398527678e-06,2.05931231325e-06,2.00721392685e-06,1.96150930295e-06,9.74088277724e-07,9.75395644858e-07,9.75578347234e-07,9.70234185425e-07,9.71601072259e-07,9.83315109227e-07,9.89333011470e-07,9.85182849937e-07,9.77770390179e-07,9.57512306427e-07,9.55313309329e-07,0,0,0,0,0,0,0,0,0,0,0,0,0,0,0,0,0,0,0,0,0,0,0,0,0,0,0,0,0,0,0,0,0,0,0,0,0,1.20171508777e-06,1.21247540191e-06,1.22392429294e-06,1.23548460030e-06,1.24701340290e-06,1.25690670233e-06,1.26887611836e-06,1.28070982061e-06,1.29367947021e-06,1.30448848398e-06,1.31617220271e-06,1.32765098711e-06
